AD5410AREZ,24
AD5412AREZ,24
AD5412AREZ-REEL7,24
AD5421BREZ,28
AD5422AREZ,24
AD5422AREZ-REEL,24
AD5422BREZ,24
AD5422BREZ-REEL,24
AD5734AREZ-REEL7,24
AD80/0202Z-0RL7,28
AD8349AREZ-RL7,16
ADP2380AREZ-R7,16
ADP2381AREZ-R7,16
ADP5034AREZ,28
ADP5034AREZ-R7,28
ADP5310AREZN-255R7,16
ADP5310AREZN-3^3R7,16
ADP5310AREZN-R7,16
AD5024BRUCU-G0Z,16
AD5122ABRUZ100,16
AD5122BRUZ10,16
AD5142ABRUZ100-RL7,16
AD5142ABRUZ10-RL7,16
AD5142BRUZ10-RL7,16
AD5144ABRUZ10,20
AD5144BRUZ10,20
AD5144BRUZ100,20
AD5144BRUZ10-RL7,20
AD5206BRUZ100-RL7,24
AD5207BRUZ100,14
AD5207BRUZ100-R7,14
AD5222BRUZ10-REEL7,14
AD5233BRUZ50,24
AD5241BRUZ10,14
AD5242BRUZ10,16
AD5242BRUZ1M-REEL7,16
AD5252BRUCU-G01Z,14
AD5252BRUZ50,14
AD5252BRUZ50-RL7,14
AD5253BRUZ50-RL7,20
AD5254BRUZ50-RL7,20
AD5262BRUZ200-RL7,16
AD5263BRUZ200,24
AD5263BRUZ200-R7,24
AD5280BRUZ200,14
AD5282BRUZ20,16
AD5291BRUZ-100,14
AD5291BRUZ-100-RL7,14
AD5291BRUZ-50,14
AD5293BRUZ-20,14
AD5308ARUZ,16
AD5313BRUZ,16
AD5316RBRUZ,16
AD5316RBRUZ-RL7,16
AD5317RBRUZ,16
AD5317RBRUZ-RL7,16
AD5326ARUZ,16
AD5330BRUZ,20
AD5331BRUZ,20
AD5342BRUZ,28
AD5347BRUZ,38
AD5428YRUZ,20
AD5429YRUZ-REEL7,16
AD5440YRUZ,24
AD5440YRUZ-REEL,24
AD5440YRUZ-REEL7,24
AD5530BRUZ,16
AD5530BRUZ-REEL7,16
AD5531BRUZ,16
AD5531BRUZ-REEL7,16
AD5556CRUZ,28
AD5628BRUZ-1,14
AD5628BRUZ-1REEL7,14
AD5648BRUZ-2REEL7,16
AD5666BRUZ-1REEL7,14
AD5668ARUZ-3REEL7,16
AD5668BRUZ-1,16
AD5668BRUZ-2REEL7,16
AD5668BRUZ-3REEL7,16
AD5672RBRUZ-REEL7,20
AD5676BRUZ,20
AD5676RARUZ-REEL7,20
AD5676RBRUZ,20
AD5684RARUZ,16
AD5684RBRUZ,16
AD5686ARUZ,16
AD5686BRUZ,16
AD5686RARUZ,16
AD5686RARUZ-RL7,16
AD5686RBRUZ,16
AD5686RBRUZ-RL7,16
AD5687BRUZ,16
AD5687RBRUZ,16
AD5689BRUZ,16
AD5689RBRUZ,16
AD5689RBRUZ-RL7,16
AD5694RBRUZ-RL7,16
AD5696BRUZ-RL7,16
AD5696RBRUZ,16
AD5696RBRUZ-RL7,16
AD5721BRUZ,16
AD5721BRUZ-RL7,16
AD5721RBRUZ,16
AD5761BRUZ,16
AD5761BRUZ-RL7,16
AD5761RARUZ,16
AD5761RARUZ-RL7,16
AD5761RBRUZ-RL7,16
AD5781BRUZ-REEL7,20
AD70/002Z-0RL,24
AD70/029Z-0RL7,16
AD7091R-2BRUZ,16
AD7091R-2BRUZ-RL7,16
AD7091R-4BRUZ,20
AD7091R-4BRUZ-RL7,20
AD7091R-5BRUZ,20
AD7091R-8BRUZ,24
AD7172-2BRUZ,24
AD7172-2BRUZ-RL,24
AD7176-2BRUZ-RL,24
AD7177-2BRUZ-RL7,24
AD7192BRUZ,24
AD7193BRUZ,28
AD7193BRUZ-REEL,28
AD7302BRUZ,20
AD7321BRUZ-REEL7,14
AD7367BRUZ-5,24
AD7367BRUZ-500RL7,24
AD7367BRUZ-5500RL7,24
AD7391ARUZ,8
AD7417ARUZ,16
AD7490SRUZ-EP-RL7,28
AD7706BRUZ,16
AD7718BRUZ,28
AD7732BRUZ,28
AD7767BRUZ,16
AD7792BRUZ,16
AD7793BRUZ,16
AD7795BRUZ,24
AD7795BRUZ-REEL,24
AD7829BRUZ-1REEL7,28
AD7879-1WARUZ-RL7,16
AD7879WARUZ-RL,16
AD7888ARUZ-REEL,16
AD7888ARUZ-REEL7,16
AD7908WYRUZ-REEL7,20
AD7914WYRUZ-REEL7,16
AD7918WYRUZ-REEL7,20
AD7923BRUZ-REEL,16
AD7923WYRUZ-REEL7,16
AD7928WBRUZ-REEL,20
AD7998BRUZ-1REEL,20
AD8040ARUZ-REEL7,14
AD8183ARUZ,24
AD8189ARUZ,24
AD8304ARUZ,14
AD8304ARUZ-RL7,14
AD8362ARUZ,16
AD8402ARUZ1,14
AD8402ARUZ100-REEL,14
AD8403ARUZ100-REEL,24
AD8513ARUZ-REEL,14
AD8532ARUZ,8
AD8532ARUZ-REEL,8
AD8534ARUZ-REEL,14
AD8542ARUZ,8
AD8552ARUZ-REEL,8
AD8572ARUZ,8
AD8572ARUZ-REEL,8
AD8604ARUZ-REEL,14
AD8604DRUZ,14
AD8604DRUZ-REEL,14
AD8618ARUZ,14
AD8624ARUZ,14
AD8625ARUZ,14
AD8630ARUZ,14
AD8694ARUZ,14
AD8694WARUZ,14
AD8694WARUZ-REEL,14
AD9203WARUZ,28
AD9215BRUZ-105,28
AD9215BRUZRL7-105,28
AD9235BRUCU-G040Z,28
AD9575ARUZLVD,16
ADA4000-4ARUZ,14
ADA4000-4ARUZ-RL,14
ADA4077-4ARUZ-R7,14
ADA4077-4ARUZ-RL,14
ADA4084-4ARUZ-RL,14
ADA4096-4ARUZ,14
ADA4096-4ARUZ-R7,14
ADA4254ARUZ,24
ADA4254ARUZ-R7,24
ADA4522-4ARUZ-R7,14
ADA4807-4ARUZ,14
ADA4807-4ARUZ-R7,14
ADA4891-3WARUZ-R7,14
ADA4891-4ARUZ-R7,14
ADA4891-4WARUZ-R7,14
ADF4002SRUZ-EP,16
ADF4002SRUZ-EP-RL7,16
ADF4106SRUZ-EP-R7,16
ADF4154BRUZ,16
ADG1308BRUZ-REEL7,16
ADG1433YRUZ,16
ADG1438BRUZ,20
ADG3247BRUZ-REEL,38
ADG408BRUZ-REEL,16
ADG4612BRUZ,16
ADG4612BRUZ-REEL7,16
ADG507AKRUZ-REEL7,28
ADG508FBRUCU-G0Z,16
ADG5206BRUZ,28
ADG5206BRUZ-RL7,28
ADG5208BRUZ-RL7,16
ADG5208FBRUZ-RL7,16
ADG5208SRUZ-EP-RL7,16
ADG5209BRUZ-RL7,16
ADG5212BRUZ-RL7,16
ADG5213BRUZ,16
ADG5213BRUZ-RL7,16
ADG5236BRUZ,16
ADG5236BRUZ-RL7,16
ADG5248FBRUZ-RL7,20
ADG5408BRUZ,16
ADG5412BFBRUZ,16
ADG5412BFBRUZ-RL7,16
ADG5412BRUZ,16
ADG5412FBRUZ,16
ADG5412FBRUZ-RL7,16
ADG5413BFBRUZ,16
ADG5413BFBRUZ-RL7,16
ADG5413FBRUZ,16
ADG5413FBRUZ-RL7,16
ADG5436BRUZ,16
ADG608TRUZ,16
ADG611YRUZ-REEL7,16
ADG612WYRUZ-REEL,16
ADG659WYRUZ-REEL7,16
ADG706BRUZ-REEL7,28
ADG707BRUZ-REEL7,28
ADG728WBRUZ-REEL7,16
ADG738BRUZ,16
ADG739BRUZ-REEL7,16
ADG811YRUZ,16
ADM3202ARUZ,16
ADM3312EARUZ,24
ADR291GRUZ,8
ADR292GRUZ,8
ADR292GRUZ-REEL7,8
ADTL084ARUZ,14
ADTL084ARUZ-REEL,14
ADW54008-0REEL7,16
ADW58008Z-0RL,16
ADW60024ARUZ-RL,14
CMP401GRUZ-REEL,16
CMP402GRUZ-REEL,16
OP262HRUZ-REEL,8
OP279GRUZ-REEL,8
OP4177ARUZ,14
OP4177ARUZ-REEL,14
OP462HRUZ-REEL,14
OP491GRUZ-REEL,14
OP727ARUZ,8
REF196GRUZ-REEL7,8
REF198GRUZ,8
AD42/321Z-0REEL,16
AD45092Z,14
AD5142ABRUZ100,16
AD5144ABRUZ10-RL7,20
LT1764AEFE#TRPBF,16
LT1764AEFE-1^8#PBF,16
LT1764AEFE-1^8#TRPBF,16
LT1764AEFE-3^3#TRPBF,16
LT1764EFE#TRPBF,16
LT1764EFE-1^5#PBF,16
LT1764EFE-2^5#TRPBF,16
LT1766EFE#TRPBF,16
LT1766IFE#PBF,16
LT1794IFE#PBF,20
LT1795IFE#PBF,20
LT1940EFE#TRPBF,16
LT1940LEFE#TRPBF,16
LT1956EFE#PBF,16
LT1956EFE#TRMPBF,16
LT1956EFE-5#TRPBF,16
LT1963AEFE#TRPBF,16
LT1963AEFE-1^8#PBF,16
LT1963AEFE-1^8#TRPBF,16
LT1963AEFE-3^3#PBF,16
LT1963EFE#TRPBF,16
LT1963EFE-3^3#PBF,16
LT1963EFE-3^3#TRPBF,16
LT1970AIFE#PBF,20
LT3012EFE#TRPBF,16
LT3012HFE,16
LT3013EFE#TRPBF,16
LT3013HFE#PBF,16
LT3013MPFE,16
LT3028EFE#TRPBF,16
LT3083IFE#PBF,16
LT3083IFE#TRPBF,16
LT3437EFE#TRPBF,16
LT3437HFE#PBF,16
LT3437IFE#PBF,16
LT3437IFE#TRPBF,16
LT3474EFE-1#TRMPBF,16
LT3475EFE#PBF,20
LT3475IFE-1#PBF,20
LT3477EFE#PBF,20
LT3477IFE#PBF,20
LT3486EFE#TRPBF,16
LT3501EFE#PBF,20
LT3501EFE#TRPBF,20
LT3501IFE#PBF,20
LT3501IFE#TRPBF,20
LT3506AEFE#PBF,16
LT3506AIFE#TRPBF,16
LT3507AHFE#PBF,38
LT3510EFE#PBF,20
LT3510EFE#TRPBF,20
LT3510IFE#TRPBF,20
LT3575EFE#PBF,16
LT3724EFE#PBF,16
LT3724MPFE#PBF,16
LT3795HFE#PBF,28
LT3796EFE#PBF,28
LT3796EFE#TRPBF,28
LT3800EFE#PBF,16
LT3800EFE#TRPBF,16
LT3800IFE#PBF,16
LT3837IFE#TRPBF,16
LT8471EFE#TRPBF,20
LT8616EFE#TRPBF,28
LT8616IFE#TRPBF,28
LTC2952CF#PBF,20
LTC2952CF#TRPBF,20
LTC2952IF#PBF,20
LTC3112EFE#PBF,20
LTC3112IFE#PBF,20
LTC3113EFE#PBF,20
LTC3113EFE#TRPBF,20
LTC3113IFE#PBF,20
LTC3113IFE#TRPBF,20
LTC3115IFE-1#TRPBF,20
LTC3115IFE-2#PBF,20
LTC3412AEFE#PBF,16
LTC3412AEFE#TRPBF,16
LTC3412AIFE#TRPBF,16
LTC3412AMPFE#TRPBF,16
LTC3412EFE#PBF,16
LTC3412EFE#TR,16
LTC3412IFE#TRPBF,16
LTC3414EFE#TRPBF,20
LTC3414IFE#TRPBF,20
LTC3417AEFE#PBF,20
LTC3417AEFE-1#PBF,20
LTC3417EFE#PBF,20
LTC3569IFE#TRPBF,16
LTC3618IFE#PBF,24
LTC3633AEFE-1#PBF,28
LTC3633AIFE#TRPBF,28
LTC3633AIFE-1#TRPBF,28
LTC3633IFE#2JGPBF,28
LTC3634HFE#TRPBF,28
LTC3807IFE#PBF,20
LTC3807IFE#TRPBF,20
LTC3891EFE#PBF,20
LTC3891HFE#PBF,20
LTC3891HFE#TRPBF,20
LTC3895EFE#PBF,31
LTC3895EFE#TRPBF,31
LTC3895HFE#PBF,31
LTC3899EFE#PBF,38
AD5451YUJZ-REEL7,8
AD5453YUJZ-REEL7,8
AD7276AUJZ-REEL7,6
AD7276BUJZ-REEL7,6
AD7276YUJZ-REEL7,6
AD7277AUJZ-500RL7,6
AD7277BUJZ-500RL7,6
AD7278BUJZ-REEL7,6
AD7911AUJZ-R2,8
AD7912AUJZ-REEL7,8
ADA4000-1AUJZ-R7,5
ADP2301AUJZ-R2,6
ADP7118WAUJZ-5^0-R7,5
ADR01AUJZ-REEL7,5
ADR02BUJZ-REEL7,5
ADR03AUJZ-REEL7,5
ADR03BUJZ-REEL7,5
ADR06AUJZ-REEL7,5
ADR06BUJZ-REEL7,5
ADR130BUJZ-REEL7,6
ADR391AUJZ-R2,5
ADR391BUJZ-REEL7,5
ADR392BUJZ-REEL7,5
ADR395BUJZ-REEL7,5
ADW60002AUJZ-R7,5
ADW63005AUJZ-R7,5
ADW63009BUJZ-R7,5
ADW70000-0RL,6
ADW70000-0RL7,6
LT1716CS5#TRMPBF,5
LT1716HS5#TRMPBF,5
LT1722CS5#TRPBF,5
LT1722IS5#TRMPBF,5
LT1761ES5-1^2#TRPBF,5
LT1761ES5-1^5#TRMPBF,5
LT1761ES5-1^5#TRPBF,5
LT1761ES5-1^8#TRPBF,5
LT1761ES5-2^5#TRPBF,5
LT1761ES5-3^3#TRMPBF,5
LT1761ES5-3^3#TRPBF,5
LT1761ES5-BYP#TRMPBF,5
LT1761ES5-BYP#TRPBF,5
LT1761ES5-SD#TRPBF,5
LT1761IS5-1^5#TRMPBF,5
LT1761IS5-1^5#TRPBF,5
LT1761IS5-1^8#TRMPBF,5
LT1761IS5-1^8#TRPBF,5
LT1761IS5-5#TRPBF,5
LT1761IS5-SD#TRMPBF,5
LT1782CS5#TRPBF,5
LT1782HS5#TRMPBF,5
LT1782IS5#TRPBF,5
LT1782IS6#TRPBF,6
LT1783CS5#TRMPBF,5
LT1783CS5#TRPBF,5
LT1783HS5#TRMPBF,5
LT1783HS6#TRPBF,6
LT1783IS5#TRMPBF,5
LT1783IS5#TRPBF,5
LT1783IS6#TRMPBF,6
LT1790ACS6-1^25#PBF-G1DG,6
LT1790ACS6-2^048#PBF-G1DG,6
LT1790ACS6-2^048#TRPBF,6
LT1790ACS6-2^5#PBF-G1DG,6
LT1790ACS6-2^5#TRPBF,6
LT1790AIS6-1^25#TRM,6
LT1790AIS6-1^25#TRMPBF,6
LT1790AIS6-2^048#TRMPBF,6
LT1790AIS6-2^048#TRPBF,6
LT1790AIS6-2^5#TR,6
LT1790AIS6-2^5#TRMPBF,6
LT1790AIS6-2^5#TRPBF,6
LT1790AIS6-3#3ZZPBF,6
LT1790AIS6-3#TRPBF,6
LT1790AIS6-4^096#TRPBF,6
LT1790BCS6-2^048#TRMPBF,6
LT1790BCS6-2^5#PBF-G1DG,6
LT1790BCS6-4^096#TRMPBF,6
LT1790BCS6-4^096#TRPBF,6
LT1790BIS6-1^25#PBF-G1DG,6
LT1790BIS6-2^5#PBF-G1DG,6
LT1790BIS6-5#TRMPBF,6
LT1800IS5#TRPBF,5
LT1815IS5#TRMPBF,5
LT1815IS5#TRPBF,5
LT1815IS6#TRMPBF,6
LT1880IS5#TRMPBF,5
LT1930ES5#TRMPBF,5
LT1931AIS5#TRMPBF,5
LT1931ES5#TRPBF,5
LT1931IS5#TRPBF,5
LT1933ES6#TRPBF,6
LT1933HS6#TRMPBF,6
LT1933HS6#TRPBF,6
LT1933IS6#TRMPBF,6
LT1934ES6#TRMPBF,6
LT1934ES6-1#TRMPBF,6
LT1934ES6-1#TRPBF,6
LT1934IS6#TRPBF,6
LT1964ES5-SD#TRMPBF,5
LT1964IS5-5#TRM,5
LT1964IS5-5#TRPBF,5
LT1964IS5-BYP#TRMPBF,5
LT1964IS5-SD#TRPBF,5
LT3007ETS8-3^3#TRMPBF,8
LT3007ETS8-3^3#TRPBF,8
LT3007ITS8-5#TRMPBF,8
LT3008ETS8#TRMPBF,8
LT3008ETS8#TRPBF,8
LT3008ETS8-3^3#TRPBF,8
LT3008ETS8-5#TRMPBF,8
LT3008ETS8-5#TRPBF,8
LT3008ITS8#TRMPBF,8
LT3008ITS8#TRPBF,8
LT3008ITS8-3^3#TRPBF,8
LT3008MPTS8-3^3#TRMPBF,8
LT3014ES5#TRPBF,5
LT3014HVES5#TRPBF,5
LT3014IS5#TRPBF,5
LT3082ITS8#TRMPBF,8
LT3092ETS8#TRMPBF,8
LT3092ETS8#TRPBF,8
LT3092ITS8#TRMPBF,8
LT3465AES6#TRPBF,6
LT3465ES6#TRPBF,6
LT3467AES6#TR,6
LT3467AES6#TRPBF,6
LT3467AIS6#TRPBF,6
LT3467ES6#TRPBF,6
LT6003CS5#TRPBF,5
LT6003HS5#TRMPBF,5
LT6003HS5#TRPBF,5
LT6106IS5#TRMPBF,5
LT6107MPS5#TRPBF,5
LT6200CS6#TRMPBF,6
LT6200CS6#TRPBF,6
LT6200CS6-5#TRMPBF,6
LT6200IS6#TRMPBF,6
LT6200IS6-10#TRMPBF,6
LT6200IS6-10#TRPBF,6
LT6202CS5#TRMPBF,5
LT6202IS5#TRMPBF,5
LT6202IS5#TRPBF,5
LT6220IS5#TRMPBF,5
LT6220IS5#TRPBF,5
LT6230CS6-10#TRMPBF,6
LT6230IS6-10#TRMPBF,6
LT6230IS6-10#TRPBF,6
LT6233CS6#TRMPBF,6
LT6233IS6#TRMPBF,6
LT6700CS6-1#TRMPBF,6
LT6700CS6-2#TRMPBF,6
LT6700CS6-3#TRMPBF,6
LT6700HS6-3#TRMPBF,6
LT6700IS6-1#TRM,6
LT6700IS6-1#TRMPBF,6
LT6700IS6-2#TRMPBF,6
LT6700IS6-2#TRPBF,6
LT6700MPS6-1#TRPBF,6
LT6700MPS6-3#TRMPBF,6
LT6703HVCS5-2#TRPBF,5
LT6703HVCS5-3#TRMPBF,5
LT6703HVCS5-3#TRPBF,5
LT6703HVHS5-2#TRMPBF,5
LT6703HVHS5-2#TRPBF,5
LT6703HVIS5-3#TRMPBF,5
LT8300HS5#3MCPBF,5
LT8300IS5#WTRPBF,5
LT8301ES5#TRMPBF,5
LT8301ES5#TRPBF,5
LT8301HS5#TRPBF,5
LT8309ES5#TRMPBF,5
LT8309ES5#TRPBF,5
LT8309IS5#TRMPBF,5
LT8330ES6#TRPBF,6
LTC1728ES5-1^8#TRMPBF,5
LTC1728ES5-2^5#TRPBF,5
LTC1772CS6#TRMPBF,6
LTC1772HS6#TRMPBF,6
LTC1772HS6#TRPBF,6
LTC1872BES6#TRMPBF,6
LTC1872ES6#TRPBFG,6
LTC1928ES6-5#TRMPBF,6
LTC1985ES5-1^8#TRMPBF,5
LTC1985ES5-1^8#TRPBF,5
LTC2050CS5#TRMPBF,5
LTC2050CS5#TRPBF,5
LTC2050HVMPS6#TRMPBF,6
LTC2050IS5#TRPBF,5
LTC2054HS5#TRMPBF,5
LTC2054HVCS5#TRPBF,5
LTC2054HVIS5#TRMPBF,5
LTC2054HVIS5#TRPBF,5
LTC2054HVMPS5#TRMPBF,5
LTC2054IS5#TRA1PBF,5
LTC2054IS5#TRMPBF,5
LTC2054IS5#TRPBF,5
LTC2903CS6-E1#TRPBF,6
LTC2903IS6-D1#TRPBF,6
LTC2904ITS8#TRMPBF,8
LTC2904ITS8#TRPBF,8
LTC2907ITS8#TRMPBF,8
LTC2909CTS8-2^5#TRMPBF,8
LTC2909ITS8-2^5#TRPBF,8
LTC2911CTS8-5#TRPBF,8
LTC2911HTS8-2#TRPBF,8
LTC2911HTS8-3#TRPBF,8
LTC2912CTS8-1#TRMPBF,8
LTC2912HTS8-1#TRPBF,8
LTC2912ITS8-1#TRPBF,8
LTC2950ITS8-1#TRMPBF,8
LTC2950ITS8-2#TRMPBF,8
LTC2950ITS8-2#TRPBF,8
LTC2951ITS8-2#TRMPBF,8
LTC2951ITS8-2#TRPBF,8
LTC2954CTS8-1#TRMPBF,8
LTC2954CTS8-1#TRPBF,8
LTC2954ITS8-1#TRPBF,8
LTC3200ES6-5#TR,6
LTC3200ES6-5#TRMPBF,6
LTC3400BES6#TRMPBF,6
LTC3400BES6#TRPBF,6
LTC3400ES6#TRMPBF,6
LTC3400ES6#TRPBF,6
LTC3405AES6#TRPBF,6
LTC3406ES5-1^8#TRMPBF,5
LTC3531ES6-3#TRMPBF,6
LTC3542IS6#TRMPBF,6
LTC3772ETS8#TRMPBF,8
LTC3803ES6#TR,6
LTC3803ES6#TRMPBF,6
LTC3803ES6#TRPBF,6
LTC3803ES6-5#TRPBF,6
LTC3803HS6#TRMPBF,6
LTC3803HS6#TRPBF,6
LTC3803IS6#TRPBF,6
LTC3803IS6-3#TRPBF,6
LTC3803MPS6-3#TRMPBF,6
LTC3803MPS6-3#TRPBF,6
LTC3803MPS6-5#TRPBF,6
LTC4365CTS8#TRPBF,8
LTC4365HTS8-1#TRPBF,8
LTC4365ITS8-1#TRMPBF,8
LTC4412HS6#TRMPBF,6
LTC4412IS6#TRPBF,6
LTC4440ES6-5#TRMPBF,6
LTC6101CCS5#TRPBF,5
LTC6101HVAHS5#TRPBF,5
LTC6101HVAIS5#TRMPBF,5
LTC6101HVCCS5#TRMPBF,5
LTC6101HVCCS5#TRPBF,5
LTC6101HVCIS5#TRMPBF,5
LTC6240CS5#TRMPBF,5
LTC6246HS6#TRPBF,6
LTC6252HS6#TRPBF,6
LTC987ES5-2^5#TRPBF,5
AD9788BSVZRL,100
SB5522JSVDZ,80
SB5522JSVUZ,80
AD5764BSUZ-REEL7,32
AD5764CSUZ-REEL7,32
AD7266BSUZ,32
AD7294BSUZRL,64
ADG725BSUZ,48
ADG726BSUZ-REEL,48
ADG731BSUZ,48
AD22100KTZ,3
5962-8686102XA,3
AD536AJHZ,10
AD549LHZ,8
AD580JH,3
AD581LH,3
AD581SH,3
AD581TH,3
AD581UH,3
AD584JH,8
AD636JHZ_E,10
AD636KHZ_E,10
JM38510/13502BGA,8
REF01AJ/883C,8
5962-8851301GA,8
AD45549,8
AD11/2056Z-0REEL,24
AD5544ARSZ-REEL7,28
AD5725ARSZ-1500RL7,28
AD5725ARSZ-500RL7,28
AD5725BRSZ-500RL7,28
AD5725BRSZ-REEL,28
AD5726YRSZ-1REEL,20
AD5726YRSZ-500RL7,16
AD604ARSZ-R7,24
AD70001Z,28
AD71039ARSZRL,20
AD71217ARSZ-RL7,20
AD7226BRSZ,20
AD7840ARSZ,24
AD80024JRSZRL,28
AD9051BRSZRL,28
AD9057BRSZ-80,20
AD9201ARSZRL,28
AD9220ARSZ-REEL,28
AD9225ARS,28
AD9280ARSZ,28
AD9280ARSZRL,28
AD9283BRSZ-100,20
AD9283BRSZ-80,20
AD9283BRSZ-RL100,20
AD974ARSZ,28
AD976AARSZRL,28
AD976ABRSZRL,28
AD9850BRS,28
ADE7753ARSZRL,20
ADE7755ARSZRL,24
ADE7763ARSZ,20
ADE7763ARSZRL,20
ADG333ABRSZ,20
ADM1385ARSZ,20
ADM207EARSZ,24
ADM208EARSZ-REEL,24
ADM3260ARSZ-RL7,20
ADN4650BRSZ-RL7,20
ADN4651BRSZ-RL7,20
ADUM1241ARSZ-RL7,20
ADUM1245ARSZ-RL7,20
ADUM1441ARSZ,20
ADUM1441ARSZ-RL7,20
ADUM1446ARSZ-RL7,20
ADUM1447ARSZ-RL7,20
ADUM3150BRSZ,20
ADUM3151ARSZ,20
ADUM3151BRSZ-RL7,20
ADUM3152ARSZ-RL7,20
ADUM3153BRSZ-RL7,20
ADUM3154ARSZ,20
ADUM3154BRSZ-RL7,20
ADUM3471ARSZ,20
ADUM3472WARSZ,20
ADUM3480ARSZ,20
ADUM3480ARSZ-RL7,20
ADUM3480BRSZ,20
ADUM3481ARSZ-RL7,20
ADUM3482ARSZ,20
ADUM3482ARSZ-RL7,20
ADUM3482BRSZ,20
ADUM5010ARSZ,20
ADUM5010ARSZ-RL7,20
ADUM5210ARSZ,20
ADUM5210ARSZ-RL7,20
ADUM5211ARSZ,20
ADUM5211ARSZ-RL7,20
ADUM5211BRSZ,20
ADUM5212ARSZ-RL7,20
ADUM5411BRSZ,24
ADUM5412BRSZ,24
ADUM6010ARSZ,20
ADUM6211CRSZ-RL7,20
ADUM6212BRSZ-RL7,20
ADUM6212CRSZ,20
LTC1628CG-PG#PBF,28
LTC1628CG-SYNC#TRPBF,28
LTC1628IG#TRMPBF,28
LTC1628IG#TRPBF,28
LTC3728EG#TRPBF,28
LTC3780IG#PBF,24
LTC6801HG#PBF,36
LTC6803HG-3#3ZXPBF,44
LTC6803HG-3#3ZZPBF,44
LTC6803HG-3#3ZZTRPBF,44
LTC6803HG-4#TRPBF,44
LTC6803IG-2#3ZZPBF,44
LTC6803IG-3#3ZZPBF,44
LTC6803IG-4#TRMPBF,44
LTC6804HG-2#3ZZTRPBF,48
LTC6804HG-2#PBF,48
LTC6804HG-2#TRPBF,48
LTC6811IG-1#3ZZPBF,48
LTC6811IG-2#3ZZPBF,48
LTC6811IG-2#3ZZTRPBF,48
LTC3803HS6-5#3ZZPBF,6
ADL5544ARKZ-R7,3
ADL5602ARKZ-R7,3
AD1580BRTZ-R2,3
AD1582WBRTZ-R7,3
ADR381ARTZ-R2,3
AD15/136Z-0REEL7,6
AD5060ARJZ-2500RL7,8
AD5060YRJZ-1500RL7,8
AD5061BRJZ-2500RL7,8
AD5062BRJZ-1500RL7,8
AD5160BRJZ100-R2,8
AD5160BRJZ5-R2,8
AD5245BRJZ100-R2,8
AD5245BRJZ50-R2,8
AD5300BRTZ-500RL7,6
AD5300BRTZ-REEL7,6
AD5300WBRTZ-RL7,6
AD5311BRTZ-500RL7,6
AD5311BRTZ-REEL7,6
AD5321BRTZ-REEL7,6
AD5620BRJZ-2500RL7,8
AD5640BRJZ-2500RL7,8
AD5660ARJZ-1REEL7,8
AD5660ARJZ-2500RL7,8
AD5660BRJZ-1REEL7,8
AD5660BRJZ-2500RL7,8
AD5660BRJZ-2REEL7,8
AD5660BRJZ-3500RL7,8
AD5662ARJZ-1500RL7,8
AD5662BRJZ-1REEL7,8
AD5662BRJZ-2500RL7,8
AD5680BRJZ-2REEL7,8
AD7414ARTZ-0500RL7,6
AD7414ARTZ-0REEL7,6
AD7414ARTZ-1500RL7,6
AD7414ARTZ-1REEL7,6
AD7414ARTZ-3REEL7,6
AD7415ARTZ-0500RL7,5
AD7415ARTZ-0REEL7,5
AD7415ARTZ-1REEL7,5
AD7450ABRTZ-REEL7,8
AD7452BRTZ-R2,8
AD7452BRTZ-REEL7,8
AD7457BRTZ-REEL7,8
AD7466BRTZ-REEL7,6
AD7467BRTZ-REEL7,6
AD7476ARTZ-500RL7,6
AD7476ARTZ-REEL7,6
AD7476SRTZ-EP-RL7,6
AD7476SRTZ-R2,6
AD7477ARTZ-500RL7,6
AD7478ARTZ-REEL7,6
AD7680ARJZ-REEL7,6
AD7680BRJZ-R2,6
AD7814ARTZ-500RL7,6
AD7814ARTZ-REEL7,6
AD7940BRJZ-REEL7,6
AD7995YRJZ-1500RL7,8
AD7999WYRJZ-1RL,8
AD7999YRJZ-1500RL7,8
AD8027ARTZ-R2,6
AD8065ARTZ-R2,5
AD8211WYRJZ-RL,5
AD8211YRJZ-R2,5
AD8601ARTZ-R2,5
ADA4084-1ARJZ-R2,5
ADA4432-1BRJZ-R2,6
ADA4610-1ARJZ-R2,5
ADA4622-1ARJZ-R2,5
ADA4805-1ARJZ-R2,6
ADA4807-1ARJZ-R2,6
ADA4841-1YRJZ-R2,6
ADCMP361WYRJZ-RL7,5
ADCMP600BRJZ-R2,5
ADG1201BRJZ-REEL7,6
ADG465BRTZ-REEL7,6
ADG601BRTZ-REEL,6
ADG601BRTZ-REEL7,6
ADG602BRTZ-REEL7,6
ADG619BRTZ-REEL,8
ADG619SRJZ-EP-RL7,8
ADG701LBRTZ-REEL7,6
ADG702BRJZ-REEL7,5
ADG702BRTZ-REEL7,6
ADG719BRTZ-500RL7,6
ADG719BRTZ-REEL,6
ADG719BRTZ-REEL7,6
ADG719SRJZ-EP-R2,6
ADG751ARTZ-REEL7,6
ADG751BRTZ-REEL7,6
ADG801BRTZ-REEL7,6
ADG802BRTZ-500RL7,6
ADG819BRTZ-500RL7,6
ADG819BRTZ-REEL7,6
ADM1070ARTZ-REEL7,6
ADM6306D131ARJZ1R7,5
ADM6306D331ARJZ1R7,5
ADM6306D331ARJZ-R7,5
ADM6339LARJZ-RL7,6
ADM6339MARJZ-RL7,6
ADM6339PARJZ-RL7,6
ADM6710DARJZ-REEL7,6
ADM6710JARJZ-REEL7,6
ADM8316WAY27ARJZR7,5
ADM8316WBX30ARJZR7,5
ADM8316WDZ30ARJZR7,5
ADM8319WB31ARJZR7,5
ADM8320WCY29ARJZR7,5
ADM8320WCZ29ARJZR7,5
ADM8321WAX30ARJZR7,5
ADM8322WB26ARJZRL7,5
ADM8322WC46ARJZR7,5
ADM8828ARTZ-REEL7,6
ADM8829ARTZ-REEL7,6
ADR3412ARJZ-R2,6
ADR3420ARJZ-R2,6
ADR3420ARJZ-R7,6
ADR3425ARJZ-R7,6
ADR3430ARJZ-R7,6
ADR3433ARJZ-R7,6
ADR3440ARJZ-R7,6
ADR3450ARJZ-R2,6
ADR3450ARJZ-R7,6
ADT7301ARTZ-500RL7,6
ADT7301ARTZ-REEL7,6
ADT7302ARTZ-500RL7,6
ADT7302ARTZ-REEL7,6
HMC291SETR,6
HMC544AETR,6
TMP05ARTZ-500RL7,5
TMP05ARTZ-REEL7,5
TMP05BRTZ-500RL7,5
TMP05BRTZ-REEL7,5
AD5060BRJZ-1500RL7,8
AD5060BRJZ-1REEL7,8
AD5061BRJZ-2REEL7,8
AD51/098Z-0RL7,6
AD45300AMLZ,8
ADCA3950AMLZ,7
ADCA3990AMLZ,8
ADCA3992AMLZ,8
ADM2867EBRNZ,28
ADM2867EBRNZ-RL7,28
ADUM6420ABRNZ3,28
ADUM6420ABRNZ3-RL,28
ADUM6420ABRNZ5-RL,28
ADUM6421ABRNZ5-RL,28
ADUM6422ABRNZ3,28
ADUM6422ABRNZ5-RL,28
ADUM6424ABRNZ5,28
ADUM4138WBRNZ,28
AD1674ARZ,28
AD1674BRZ,28
AD1674JRZ,28
AD1674KRZ,28
AD1674KRZ-REEL,28
AD42/236Z-0REEL,24
AD421BRZRL7,16
AD5203ARZ10,24
AD5203ARZ100-REEL,24
AD5206BRZ10-REEL,24
AD524ARZ-16,16
AD5726YRWZ-REEL7,16
AD637ARZ,16
AD637BRZ,16
AD637KRZ,16
AD660ARZ,24
AD660BRZ-REEL,24
AD669BRZ,28
AD694BRZ-REEL7,16
AD71108ARWZ,24
AD71108ARWZ-RL,24
AD7111ACRZ,16
AD7111ACRZ-REEL,16
AD71255BRWZ,16
AD71255BRWZ-RL,16
AD71256BRWZ-RL,16
AD71257BRWZ-RL,16
AD713JRZ-16-REEL,16
AD713JRZ-16-REEL7,16
AD7224LRZ-18,18
AD7226KRZ,20
AD7237ABRZ,24
AD7245AARZ,24
AD7245AARZ-REEL,24
AD7245ABRZ,24
AD7245ABRZ-REEL,24
AD7247AARZ-REEL,24
AD7248ABRZ,20
AD7249ARZ,16
AD7249ARZ-REEL,16
AD7249BRZ,16
AD7249BRZ-REEL,16
AD7305YRZ,20
AD7376ARWZ10,16
AD7376ARWZ100,16
AD7397ARZ,24
AD7399BRZ,16
AD7400AYRWZ-RL,16
AD7400YRWCU-G0JQEZ,16
AD7401AYRWZ-RL,16
AD7401YRWZ-REEL,16
AD7401YRWZ-REEL7,16
AD745JRZ-16-REEL,16
AD7528JRZ-REEL7,20
AD7538JRZ-REEL,24
AD7548JRZ,20
AD7669ARZ-REEL,28
AD7703ARZ,20
AD7703BRZ,20
AD7708BRZ,28
AD7708BRZ-REEL7,28
AD7714ARZ-5,24
AD7714YRZ,24
AD7718BRZ,28
AD7719BRZ,28
AD7730BRZ,24
AD7801BRZ,20
AD7805BRZ,28
AD7820KRZ-REEL,20
AD7820LRZ-REEL,20
AD7821KRZ-REEL,20
AD7828BRZ,28
AD7834ARZ-REEL,28
AD7837BRZ,24
AD7845JRZ-REEL,24
AD7849BRZ,20
AD7849BRZ-REEL,20
AD7849CRZ,20
AD7856ARZ,24
AD7858BRZ,24
AD7858BRZ-REEL,24
AD7872JRZ-REEL,16
AD7876BRZ-REEL7,24
AD7890ARZ-10REEL,24
AD7890ARZ-2REEL,24
AD7890BRZ-10REEL,24
AD7945BRZ,20
AD80273ARWZ,16
AD80273ARWZ-RL,16
AD8403ARWCU-G050Z,24
AD8842ARZ,24
AD9220ARZ-REEL,28
AD9708ARZ,28
AD976AARZ,28
AD976AARZ-RL,28
AD976BRZ,28
AD976CRZ,28
AD977BRZ,20
ADE7903ARWZ-RL,20
ADG428BRZ-REEL,18
ADG526AKRZ-REEL,28
ADM202EARWZ,16
ADM2461EBRWZ,16
ADM2463EBRWZ,16
ADM2463EBRWZ-RL7,16
ADM2484EBRWZ,16
ADM2487EBRWZ-REEL7,16
ADM2490EBRWZ,16
ADM2490EBRWZ-REEL7,16
ADM2582EBRWZ,20
ADM2763EBRWZ,16
ADM2795EBRWZ,16
ADM2795EBRWZ-RL7,16
ADM2795ETRWZ-EP-R7,16
ADM3054WBRWZ-RL7,16
ADM3057EBRWZ,20
ADM3057ETRWZ-EP-RL,20
ADM3222ARWZ-REEL7,18
ADM691ARZ,16
ADM8691ARWZ,16
ADM8697ARWZ,16
ADN4651BRWZ-RL7,20
ADP1071-2ARWZ-RL,16
ADP1074WARWZ,24
ADUM1300ARWZ-RL,16
ADUM1300CRWZ,16
ADUM1301ARWZ-RL,16
ADUM1301WSRWZ,16
ADUM1301WTRWZ55-RL,16
ADUM1301WTRWZ-RL,16
ADUM130E1BRWZ-RL,16
ADUM1311ARWZ-RL,16
ADUM131E1BRWZ,16
ADUM131E1BRWZ-RL,16
ADUM1400ARWZ,16
ADUM1400ARWZ-RL,16
ADUM1400BRWZ-RL,16
ADUM1400WSRWZ-RL,16
ADUM1400WTRWZ-RL,16
ADUM1401ARWZ,16
ADUM1401CRWZ,16
ADUM1401WSRWZ,16
ADUM1401WSRWZ-RL,16
ADUM1401WTRWZ55-RL,16
ADUM1401WTRWZ-RL,16
ADUM1402ARWZ,16
ADUM1402ARWZ-RL,16
ADUM1402BRWZ-RL,16
ADUM1402WSRWZ,16
ADUM1402WSRWZ55-RL,16
ADUM1402WSRWZ-RL,16
ADUM1402WTRWZ,16
ADUM1402WTRWZ-RL,16
ADUM140D0BRWZ-RL,16
ADUM140D1BRWZ-RL,16
ADUM140E0BRWZ,16
ADUM140E1BRWZ,16
ADUM140E1WBRWZ-RL,16
ADUM1410ARWZ,16
ADUM1410ARWZ-RL,16
ADUM1410BRWZ,16
ADUM1411ARWZ,16
ADUM1411ARWZ-RL,16
ADUM1412BRWZ-RL,16
ADUM141E0BRWZ,16
ADUM141E0BRWZ-RL,16
ADUM141E1WBRWZ,16
ADUM141E1WBRWZ-RL,16
ADUM142D1BRWZ,16
ADUM142D1BRWZ-RL,16
ADUM142E0BRWZ,16
ADUM142E0BRWZ-RL,16
ADUM1481ARWZ,16
ADUM1481ARWZ-RL,16
ADUM2201BRWZ,16
ADUM2201WARWZ-RL,16
ADUM221N1BRWZ-RL,16
ADUM2250ARWZ-RL,16
ADUM2250WARWZ-RL,16
ADUM2400ARWCU-G0Z,16
ADUM2401ARWCU-G0Z,16
ADUM241E1BRWZ,16
ADUM241E1WBRWZ,16
ADUM242E0BRWZ-RL,16
ADUM3160BRWZ,16
ADUM3300BRWZ-RL,16
ADUM3301ARWZ-RL,16
ADUM3301BRWZ-RL,16
ADUM3400BRWZ-RL,16
ADUM3400TRWZ-EP,16
ADUM3400TRWZ-EP-RL,16
ADUM3401ARWZ,16
ADUM3401BRWZ,16
ADUM3401CRWZ-RL,16
ADUM3402BRWZ,16
ADUM3402BRWZ-RL,16
ADUM3402CRWZ,16
ADUM4135BRWZ,16
ADUM4135BRWZ-RL,16
ADUM4160BRWZ,16
ADUM4160BRWZ-RL,16
ADUM4223BRWC-A03Z,16
ADUM4223CRWZ,16
ADUM4224WBRWZ,16
ADUM4224WBRWZ-RL,16
ADUM4401WARWZ,16
ADUM5000ARWZ,16
ADUM5020-5BRWZ,16
ADUM5020-5BRWZ-RL,16
ADUM5200WCRWZ-RL,16
ADUM5201ARWZ-RL,16
ADUM5201CRWZ,16
ADUM5201CRWZ-RL,16
ADUM5201WCRWZ-RL,16
ADUM5401ARWZ,16
ADUM5401WCRWZ-1,16
ADUM5401WCRWZ-1RL,16
ADUM5402WCRWZ-1RL,16
ADUM5403WCRWZ-RL,16
ADUM6000ARWZ-RL,16
ADUM6132ARWZ,16
ADUM6200CRWZ,16
ADUM6402CRWZ,16
ADUM7701BRWZ-RL7,16
ADW80035ARWZ,16
AMP01GSZ,20
AMP01GSZ-REEL,20
AMP02FSZ-RL,16
DAC10GSZ,18
DAC312HSZ,20
DAC312HSZ-REEL,20
DAC8222FSZ,24
DAC8420ESZ-REEL,16
DAC8420FSZ-REEL,16
DAC8800FSZ-REEL,20
LT1017CSW#PBF,16
LT1017CSW#TRPBF,16
LT1058SW#PBF,16
LT1079SW#PBF,16
LT1079SW#TRPBF,16
LT1125CSW#TRPBF,16
LT1795CSW#PBF,20
OP200GSZ,16
OP200GSZ-REEL,16
OP400GSZ,16
OP400HSZ-REEL,16
OP413ESZ-REEL,16
OP413FSZ,16
OP413FSZ-REEL,16
OP467GSZ-REEL,16
OP470GSZ,16
OP470GSZ-REEL,16
OP471GSZ,16
OP471GSZ-REEL,16
OP490GSZ,16
OP495GSZ-REEL,16
OP497FSZ,16
OP497GSZ,16
SSM2142SZ,16
SSM2142SZ-REEL,16
SW06GSZ,16
SW06GSZ-REEL,16
AD11/2036Z-0REEL,20
AD1674JRZ-REEL,28
AD1851RZ-REEL7,16
AD420ARZ-32,24
AD420ARZ-32-REEL,24
AD421BRZ,16
AD421BRZRL,16
AD51/094Z-0RL,16
AD8099ARDZ-REEL,8
AD8139ARDZ-REEL,8
AD8397ARDZ,8
ADA4625-1ARDZ,8
ADA4625-2ARDZ-R7,8
ADA4700-1ARDZ,8
ADA4700-1ARDZ-R7,8
ADA4899-1YRDZ-R7,8
ADA4899-1YRDZ-RL,8
ADA4922-1ARDZ,8
ADM7150ARDZ-5^0-R7,8
ADM7151ARDZ-02,8
ADM7151ARDZ-04-R7,8
ADP1706ARDZ-1^8-R7,8
ADP1706ARDZ-2^5-R7,8
ADP1706ARDZ-3^3-R7,8
ADP1708ARDZ-R7,8
ADP2302ARDZ-3^3-R7,8
ADP2303ARDZ-5^0-R7,8
ADP2303ARDZ-R7,8
ADP3623ARDZ-RL,8
ADP3634ARDZ,8
ADP3634ARDZ-R7,8
ADP3654ARDZ,8
ADP7102ARDZ-1^5-R7,8
ADP7102ARDZ-5^0-R7,8
ADP7102ARDZ-9^0-R7,8
ADP7102ARDZ-R7,8
ADP7104ARDZ-3^3-R7,8
ADP7104ARDZ-5^0-R7,8
ADP7104ARDZ-R7,8
ADP7118ARDZ-3^3-R7,8
ADP7118ARDZ-R7,8
ADP7142ARDZ-5^0,8
ADP7142ARDZ-R7,8
ADP7156ARDZ-3^3-R7,8
ADP7158ARDZ-2^0-R7,8
ADP7158ARDZ-3^3-R7,8
ADP7159ARDZ-04-R7,8
ADXL288WBRDZ-RL,16
AD22100ARZ-RL,8
AD42/310Z-0REEL,8
AD45099,8
AD45117ARZ-R7,8
AD45322,8
AD5241BRZ10,14
AD5241BRZ100,14
AD5242BRZ1M,16
AD5541AARZ-RL7,8
AD5542ARZ-REEL7,14
AD5542BRZ-REEL7,14
AD5542JRZ,14
AD5542JRZ-REEL7,14
AD5551BRZ,8
AD5551BRZ-REEL7,8
AD586ARZ-REEL7,8
AD586BRZ,8
AD586JRZ-REEL7,8
AD586KRZ-REEL7,8
AD587JRZ,8
AD587JRZ-REEL,8
AD587KRZ,8
AD587KRZ-REEL7,8
AD589JRZ-REEL,8
AD590JRZ,8
AD590KRZ,8
AD590KRZ-RL,8
AD603ARZ-REEL,8
AD605ARZ,16
AD605BRZ,16
AD620ARZ-REEL,8
AD623ARZ-R7,8
AD626ARZ,8
AD627ARZ,8
AD627BRZ,8
AD629BRZ-R7,8
AD633ARZ-R7,8
AD633TRZ-EP,8
AD648JRZ,8
AD648KRZ,8
AD654JRZ,8
AD654JRZ-REEL,8
AD654JRZ-REEL7,8
AD680ARZ,8
AD680JRZ,8
AD71166BRZ-RL7,8
AD711JRZ-REEL7,8
AD711KRZ,8
AD711KRZ-REEL,8
AD711KRZ-REEL7,8
AD712KRZ-REEL,8
AD712TRZ-EP,8
AD712TRZ-EP-R7,8
AD736ARZ-R7,8
AD736ARZ-RL,8
AD736BRZ-R7,8
AD736JRZ,8
AD737JRZ-5,8
AD737KRZ-R7,8
AD7417ARZ-REEL,16
AD744JRZ,8
AD744JRZ-REEL7,8
AD7524JRZ,16
AD7524JRZ-REEL,16
AD7741BRZ-REEL7,8
AD780ARZ,8
AD7819YRZ,16
AD7887ARZ,8
AD7887ARZ-REEL7,8
AD7887BRZ-REEL7,8
AD7888ARZ-REEL7,16
AD7888BRZ,16
AD7893ARZ-10,8
AD7894ARZ-3,8
AD7896JRZ,8
AD7896JRZ-REEL,8
AD7898ARZ-3,8
AD795JRZ,8
AD795JRZ-REEL,8
AD795JRZ-REEL7,8
AD797ARZ-REEL,8
AD797BRZ-REEL,8
AD8001ARZ,8
AD8009ARZ-REEL7,8
AD8010ARZ,8
AD8012ARZ,8
AD8031ARZ-REEL,8
AD8031BRZ,8
AD8031BRZ-REEL7,8
AD8032BRZ,8
AD8032BRZ-REEL,8
AD8037ARZ,8
AD8040ARZ-REEL7,14
AD8051ARZ,8
AD8055ARZ,8
AD8056ARZ-REEL7,8
AD8065ARZ-REEL7,8
AD8091ARZ,8
AD81/321-0ZU4,8
AD8130ARZ-REEL7,8
AD813ARZ-14,14
AD8170ARZ,8
AD8174ARZ,14
AD817ARZ-REEL7,8
AD8202WYRZ-RL,8
AD8205YRZ,8
AD8205YRZ-R7,8
AD8205YRZ-RL,8
AD8206WYRZ-R7,8
AD8206YRZ-REEL,8
AD8207WBRZ-RL,8
AD8208WBRZ-R7,8
AD8208WBRZ-RL,8
AD820BRZ,8
AD8215WYRZ,8
AD8215WYRZ-R7,8
AD8215YRZ,8
AD8215YRZ-R7,8
AD8216YRZ-R7,8
AD8221ARZ-RL,8
AD8221BRZ-RL,8
AD8226ARZ,8
AD8226BRZ,8
AD8227BRZ,8
AD8228BRZ,8
AD822BRZ-REEL7,8
AD8230YRZ,8
AD8230YRZ-REEL7,8
AD823AARZ,8
AD823AARZ-R7,8
AD823AARZ-RL,8
AD826ARZ,8
AD8273ARZ,14
AD8273ARZ-R7,14
AD8273ARZ-RL,14
AD8276BRZ,8
AD8277ARZ,14
AD8278ARZ-R7,8
AD8278BRZ-R7,8
AD8279BRZ,14
AD8300ARZ,8
AD834JRZ,8
AD8350ARZ15-REEL7,8
AD8350ARZ20-REEL7,8
AD835ARZ,8
AD8417WBRZ,8
AD8418AWBRZ-RL,8
AD8418AWHRZ,8
AD8421BRZ-R7,8
AD8421BRZ-RL,8
AD8422ARZ-R7,8
AD8429ARZ,8
AD8429BRZ-R7,8
AD8479ARZ,8
AD8479ARZ-RL,8
AD847JRZ,8
AD847JRZ-REEL7,8
AD8510BRZ-REEL,8
AD8510BRZ-REEL7,8
AD8513ARZ,14
AD8538ARZ,8
AD8539ARZ,8
AD8542ARZ,8
AD8542ARZ-REEL,8
AD8542ARZ-REEL7,8
AD8544WARZ-R7,14
AD8551ARZ-REEL,8
AD8551ARZ-REEL7,8
AD8552ARZ-REEL7,8
AD8555ARZ-REEL7,8
AD8556ARZ,8
AD8556ARZ-REEL,8
AD8556ARZ-REEL7,8
AD8571ARZ,8
AD8572ARZ,8
AD8597ARZ-REEL7,8
AD8602ARZ-REEL7,8
AD8602DRZ-REEL7,8
AD8602WARZ-R7,8
AD8602WARZ-RL,8
AD8606ARZ,8
AD8606ARZ-REEL,8
AD8606ARZ-REEL7,8
AD8607ARZ,8
AD8607ARZ-REEL7,8
AD8608ARZ,14
AD8609ARCU-G0Z,14
AD8610BRZ,8
AD8610BRZ-REEL7,8
AD8617WARZ-R7,8
AD8617WARZ-RL,8
AD8618ARZ,14
AD8620ARZ-REEL,8
AD8620BRZ-REEL7,8
AD8626ARZ,8
AD8629ARZ,8
AD8629ARZ-REEL7,8
AD8629TRZ-EP,8
AD8629WARZ-R7,8
AD8630ARZ,14
AD8630ARZ-REEL7,14
AD8630WARZ-R7,14
AD8639ARZ,8
AD8641ARZ,8
AD8641ARZ-REEL7,8
AD8642ARZ,8
AD8646WARZ-RL,8
AD8648ARZ-REEL7,14
AD8656ARZ-REEL7,8
AD8659ARZ-R7,14
AD8663ARZ,8
AD8666WARZ-R7,8
AD8667ARZ-REEL,8
AD8671ARZ-REEL,8
AD8672ARZ-REEL7,8
AD8672TRZ-EP,8
AD8674ARZ,14
AD8676ARZ-REEL,8
AD8676BRZ-REEL7,8
AD8677ARZ-REEL7,8
AD8692ARZ,8
AD9631ARZ-REEL7,8
ADA4000-2ARZ,8
ADA4000-2ARZ-RL,8
ADA4000-4ARZ,14
ADA4000-4ARZ-R7,14
ADA4001-2ARZ,8
ADA4001-2ARZ-R7,8
ADA4001-2ARZ-RL,8
ADA4004-2ARZ-R7,8
ADA4004-4ARZ,14
ADA4062-2ARZ,8
ADA4062-2BRZ-R7,8
ADA4075-2ARZ,8
ADA4075-2ARZ-R7,8
ADA4077-1ARZ-R7,8
ADA4077-1BRZ-R7,8
ADA4077-2ARZ,8
ADA4077-4ARZ-R7,14
ADA4084-1ARZ-R7,8
ADA4177-2ARZ,8
ADA4177-2ARZ-R7,8
ADA4177-4ARZ-R7,14
ADA4522-1ARZ,8
ADA4522-1ARZ-R7,8
ADA4522-2ARZ-R7,8
ADA4522-4ARZ-R7,14
ADA4530-1ARZ,8
ADA4530-1ARZ-R7,8
ADA4571BRZ-RL,8
ADA4571WHRZ-R7,8
ADA4610-2ARZ-RL,8
ADA4610-2BRZ-RL,8
ADA4622-2ARZ,8
ADA4622-2ARZ-RL,8
ADA4622-2BRZ,8
ADA4627-1ARZ-R7,8
ADA4627-1ARZ-RL,8
ADA4627-1BRZ,8
ADA4638-1ARZ,8
ADA4638-1ARZ-R7,8
ADA4638-1ARZ-RL,8
ADA4841-2YRZ,8
ADA4891-2ARZ-R7,8
ADA4891-2ARZ-RL,8
ADA4895-1ARZ,8
ADA4895-1ARZ-R7,8
ADA4897-1ARZ-RL,8
ADA4940-1ARZ-RL,8
ADA4941-1YRZ,8
ADA4941-1YRZ-R7,8
ADG1208YRZ-REEL7,16
ADG1209YRZ,16
ADG1209YRZ-REEL7,16
ADG1308BRZ-REEL7,16
ADG201AKRZ,16
ADG201HSKRZ-REEL,16
ADG202AKRZ,16
ADG202AKRZ-REEL7,16
ADG436BRZ-REEL,16
ADG438FBRZ,16
ADG441BRZ-REEL,16
ADG453BRZ-REEL7,16
ADG508AKRZ,16
ADG508FBRNZ-REEL7,16
ADG509AKRZ-REEL,16
ADG608BRZ,16
ADG713BRZ,16
ADM1232ARNZ,8
ADM1232ARNZ-REEL,8
ADM1232ARNZ-REEL7,8
ADM13305-18ARZ-RL7,8
ADM13305-33ARZ-RL7,8
ADM13305-5ARZ,8
ADM13307-18ARZ,8
ADM13307-5ARZ,8
ADM1486ARZ,8
ADM202JRNZ,16
ADM3051CRZ,8
ADM3063EBRZ-R7,14
ADM3064EBRZ-R7,14
ADM3071EARZ,8
ADM3072EARZ-REEL7,8
ADM3075EARZ,8
ADM3078EARZ-REEL7,8
ADM3095EBRZ-RL7,16
ADM3483ARZ,8
ADM3490EARZ-REEL7,8
ADM3491ARZ-1REEL7,14
ADM4852ARZ,8
ADM4853ARZ,8
ADM4853ARZ-REEL7,8
ADM4854ARZ,8
ADM487EWARZ,8
ADM487EWARZ-REEL7,8
ADM489ARZ-REEL7,14
ADM691AARNZ,16
ADM691AARNZ-REEL7,16
ADM706ARZ,8
ADM706RARZ,8
ADM706RARZ-REEL,8
ADM706SARZ-REEL,8
ADM707ARZ-REEL,8
ADM708TARZ,8
ADM709LARZ,8
ADM709LARZ-REEL,8
ADM709MARZ-REEL,8
ADM709SARZ-REEL,8
ADM709TARZ-REEL,8
ADM802LARNZ-REEL,8
ADM8660ARZ,8
ADM8690ARNZ,8
ADM8699ARNZ-REEL,8
ADN4663BRZ-REEL7,8
ADN4691EBRZ-RL7,8
ADN4695EBRZ-RL7,14
ADN4696EBRZ-RL7,8
ADN4697EBRZ-RL7,14
ADP3050ARZ-5,8
ADP3301ARZ-3^2,8
ADP3301ARZ-5,8
ADP3303ARZ-3^3-RL7,8
ADP3629ARZ-R7,8
ADP3630ARZ-R7,8
ADR02ARZ-REEL7,8
ADR02WARZ-REEL7,8
ADR03BRZ-REEL7,8
ADR06ARZ-REEL7,8
ADR291ERZ-REEL7,8
ADR291GRZ-REEL7,8
ADR292ERZ,8
ADR293ERZ,8
ADR421ARZ,8
ADR421ARZ-REEL7,8
ADR423ARZ,8
ADR425ARZ,8
ADR425ARZ-REEL7,8
ADR425BRZ,8
ADR425BRZ-REEL7,8
ADR430BRZ,8
ADR430BRZ-REEL7,8
ADR431ARZ-REEL7,8
ADR431BRZ-REEL7,8
ADR433BRZ,8
ADR434BRZ,8
ADR434BRZ-REEL7,8
ADR434TRZ-EP-R7,8
ADR435ARZ,8
ADR435ARZ-REEL7,8
ADR440ARZ,8
ADR443BRZ,8
ADR444ARZ,8
ADR444BRZ-REEL7,8
ADR445ARZ,8
ADR4520ARZ-R7,8
ADR4520BRZ,8
ADR4520BRZ-R7,8
ADR4525CRZ-R7,8
ADR4533ARZ,8
ADR4533ARZ-R7,8
ADR4533BRZ,8
ADR4533BRZ-R7,8
ADR4540BRZ,8
ADR4550ARZ,8
ADR4550ARZ-R7,8
ADR4550BRZ-R7,8
ADT75ARZ-REEL,8
ADT75ARZ-REEL7,8
ADTL082ARZ,8
ADTL082ARZ-REEL7,8
ADUM1100ARZ-RL7,8
ADUM1100BRZ-RL7,8
ADUM1100UR,8
ADUM1100UR-RL7,8
ADUM1100URZ,8
ADUM1100URZ-RL7,8
ADUM110N0BRZ,8
ADUM110N0BRZ-RL7,8
ADUM110N1BRZ,8
ADUM110N1BRZ-RL7,8
ADUM1200BRZ,8
ADUM1200UR-EP-RL7,8
ADUM1200WSRZ,8
ADUM1200WTRZ,8
ADUM1200WTRZ-RL7,8
ADUM1200WURZ-RL7,8
ADUM1201BR-RL7,8
ADUM1201CRZ-RL7,8
ADUM1201WSRZ,8
ADUM1201WTRZ,8
ADUM1201WURZ,8
ADUM1201WURZ-RL7,8
ADUM120N0BRZ,8
ADUM120N0BRZ-RL7,8
ADUM120N0WBRZ-RL7,8
ADUM120N1BRZ-RL7,8
ADUM120N1WBRZ-RL7,8
ADUM1210BRZ,8
ADUM1210BRZ-RL7,8
ADUM121N0BRZ-RL7,8
ADUM121N1BRZ,8
ADUM121N1WBRZ-RL7,8
ADUM1240ARZ-RL7,8
ADUM1241ARZ,8
ADUM1241ARZ-RL7,8
ADUM1250ARZ,8
ADUM1250SRZ,8
ADUM1250WSRZ,8
ADUM1251ARZ-RL7,8
ADUM1251WARZ-RL7,8
ADUM1280CRZ-RL7,8
ADUM1281ARZ,8
ADUM1281CRZ,8
ADUM1281CRZ-RL7,8
ADUM1285ARZ-RL7,8
ADUM1285BRZ-RL7,8
ADUM1285CRZ-RL7,8
ADUM1285WARZ-RL7,8
ADUM1286CRZ,8
ADUM1286CRZ-RL7,8
ADUM1286WCRZ-RL7,8
ADUM131E1BRZ-RL7,16
ADUM140D0BRZ-RL7,16
ADUM140E0BRZ-RL7,16
ADUM141D0BRZ-RL7,16
ADUM141D1BRZ-RL7,16
ADUM142D0BRZ-RL7,16
ADUM152N0BRZ-RL7,16
ADUM152N1BRZ,16
ADUM152N1BRZ-RL7,16
ADUM160N0BRZ-RL7,16
ADUM160N1BRZ,16
ADUM160N1BRZ-RL7,16
ADUM163N1BRZ,16
ADUM3100ARZ-RL7,8
ADUM3123ARZ,8
ADUM3200ARZ,8
ADUM3200ARZ-RL7,8
ADUM3200BRZ,8
ADUM3200WCRZ,8
ADUM3200WCRZ-RL7,8
ADUM3201TRZ-EP-RL7,8
ADUM3201WARZ-RL7,8
ADUM3211BRZ-RL7,8
ADUM3211TRZ-EP,8
ADUM3211WARZ,8
ADUM3220WARZ,8
ADUM3221BRZ-RL7,8
ADUM3221WARZ-RL7,8
ADUM3221WBRZ,8
ADUM3221WBRZ-RL7,8
ADUM3223BRZ,16
ADUM7240ARZ,8
ADUM7240ARZ-RL7,8
ADUM7240CRZ-RL7,8
ADUM7241ARZ-RL7,8
ADUM7241CRZ-RL7,8
ADV3221ARZ,16
ADW13021ZKL3,8
ADW60019ARZ-R7,8
ADW60031ARZ-R7,8
ADW60034FSZ-RL,8
ADW66000YRZ,8
AMP03GSZ,8
AMP03GSZ-RL,8
AMP04FSZ,8
AMP04FSZ-R7,8
CMP04FSZ,14
CMP04FSZ-REEL,14
CMP401GSZ,16
CMP402GSZ,16
CMP402GSZ-REEL,16
DAC8043A1FSZ,8
DAC8043AFSZ,8
DAC8512FSZ-REEL7,8
LT1013DS8#TRPBF,8
LT1017CS8#TRPBF,8
LT1017IS8#TRPBF,8
LT1018CS8#TRPBF,8
LT1026IS8#PBF,8
LT1072CS8#TRPBF,8
LT1077S8#TRPBF,8
LT1112IS8#PBF,8
LT1112S8#PBF,8
LT1116CS8#PBF,8
LT1121ACS8#TRPBF,8
LT1121ACS8-5#PBF,8
LT1121CS8#TRPBF,8
LT1121CS8-3^3#TRPBF,8
LT1121CS8-5#TRPBF,8
LT1121HVIS8#PBF,8
LT1121HVIS8#TRPBF,8
LT1121IS8#TRPBF,8
LT1121IS8-3^3#TRPBF,8
LT1124AIS8#TRPBF,8
LT1124CS8#TRPBF,8
LT1124IS8#TRPBF,8
LT1126CS8#TRPBF,8
LT1129CS8#TRPBF,8
LT1129CS8-5#TRPBF,8
LT1129IS8,8
LT1129IS8#TR,8
LT1129IS8-5#TRPBF,8
LT1160CS#TRPBF,14
LT1166CS8#TRPBF,8
LT1167ACS8#TRPBF,8
LT1167ACS8-1#TRPBF,8
LT1167AIS8,8
LT1167IS8#TRPBF,8
LT1167IS8-1#PBF,8
LT1168ACS8#TRPBF,8
LT1168CS8#TRPBF,8
LT1172IS8#PBF,8
LT1172IS8#TRMPBF,8
LT1175CS8#TRPBF,8
LT1175CS8-5#PBF,8
LT1175CS8-5#TRPBF,8
LT1175IS8#TRPBF,8
LT1175IS8-5,8
LT1175IS8-5#TR,8
LT1175IS8-5#TRPBF,8
LT1175MPS8-5#PBF,8
LT1178S8#TRPBF,8
LT1211CS8#PBF,8
LT1211IS8#TRPBF,8
LT1212CS#TRPBF,16
LT1214CS#PBF,16
LT1221CS8#TRPBF,8
LT1222CS8#TRPBF,8
LT1226CS8#PBF,8
LT1226CS8#TRPBF,8
LT1228CS8#TRPBF,8
LT1242CS8#PBF,8
LT1242CS8#TRPBF,8
LT1242IS8#TRPBF,8
LT1243CS8#TRPBF,8
LT1244CS8#TRPBF,8
LT1245CS8#PBF,8
LT1245CS8#TRPBF,8
LT1245IS8#PBF,8
LT1252CS8#PBF,8
LT1252CS8#TRPBF,8
LT1256CS#TRMPBF,14
LT1304CS8#TRPBF,8
LT1307CS8#PBF,8
LT1307CS8#TRPBF,8
LT1316CS8#PBF,8
LT1317BIS8#PBF,8
LT1317BIS8#TRPBF,8
LT1317IS8#TRPBF,8
LT1336IS#PBF,16
LT1336IS#TRMPBF,16
LT1351CS8#TRPBF,8
LT1352IS8#TRPBF,8
LT1353CS#TRPBF,14
LT1354CS8#TRPBF,8
LT1356CS#TRPBF,16
LT1357CS8#TRPBF,8
LT1358CS8#TRPBF,8
LT1359CS#PBF,16
LT1359CS#TRPBF,16
LT1361CS8#TRPBF,8
LT1363CS8,8
LT1365CS#PBF,16
LT1367CS,14
LT1368CS8#TRPBF,8
LT1372IS8#TRPBF,8
LT1373CS8#TRPBF,8
LT1373HVIS8#PBF,8
LT1373HVIS8#TRPBF,8
LT1373IS8#PBF,8
LT1373IS8#TRPBF,8
LT1374CS8#TRPBF,8
LT1374CS8-SYNC#PBF,8
LT1374HVCS8#TRPBF,8
LT1374IS8-5#PBF,8
LT1376CS#PBF,16
LT1376CS#TRPBF,16
LT1376CS8#PBF,8
LT1376CS8-5#PBF,8
LT1376CS8-5#TRPBF,8
LT1376HVIS#TRPBF,16
LT1376HVIS8#TRPBF,8
LT1376IS8#PBF,8
LT1377CS8#PBF,8
LT1377CS8#TRPBF,8
LT1377IS8#PBF,8
LT1394CS8#TRPBF,8
LT1394IS8#PBF,8
LT1395CS8#PBF,8
LT1399CS#TRPBF,16
LT1399IS#PBF,16
LT1399IS#TRPBF,16
LT1462ACS8#TRPBF,8
LT1462CS8#TRPBF,8
LT1465CS#PBF,14
LT1468IS8,8
LT1468IS8#TR,8
LT1468IS8#TRPBF,8
LT1469CS8#TRPBF,8
LT1469IS8#PBF,8
LT1490AHS8#TRMPBF,8
LT1491ACS#TRPBF,14
LT1491AHS#TRPBF,14
LT1491AIS#TRPBF,14
LT1492CS8#TRPBF,8
LT1494CS8#PBF,8
LT1494CS8#TRPBF,8
LT1494HS8#TRPBF,8
LT1495CS8#TRPBF,8
LT1495IS8#TRPBF,8
LT1506CS8#TRPBF,8
LT1506CS8-3^3#TRPBF,8
LT1506IS8#PBF,8
LT1512CS8#TRPBF,8
LT1512IS8#PBF,8
LT1512IS8#TRPBF,8
LT1521CS8-3#TRPBF,8
LT1521IS8#TRPBF,8
LT1521IS8-3^3,8
LT1521IS8-3^3#TRPBF,8
LT1576IS8#PBF,8
LT1610IS8#PBF,8
LT1619ES8#TRPBF,8
LT1620CS8#TRPBF,8
LT1620IS8#PBF,8
LT1620IS8#TRPBF,8
LT1630CS8#TRPBF,8
LT1630HS8#TRPBF,8
LT1632CS8#TRPBF,8
LT1636IS8#TRPBF,8
LT1638IS8#TRPBF,8
LT1639IS#TRPBF,14
LT1641-1IS8#TRPBF,8
LT1641-2IS8,8
LT1641IS8#TRPBF,8
LT1671IS8#PBF,8
LT1671IS8#TRPBF,8
LT1676IS8#TRPBF,8
LT1678CS8#TRPBF,8
LT1679IS#PBF,14
LT1719CS8#TRPBF,8
LT1719IS8#TRPBF,8
LT1720CS8#TRPBF,8
LT1720IS8#TRPBF,8
LT1723CS8#PBF,8
LT1763CS8#TR,8
LT1763CS8#TRPBF,8
LT1763CS8-1^5,8
LT1763CS8-1^8#TRPBF,8
LT1763CS8-3#PBF,8
LT1763CS8-3#TRPBF,8
LT1763CS8-3^3,8
LT1763CS8-3^3#TRPBF,8
LT1763CS8-5#TR,8
LT1763CS8-5#TRPBF,8
LT1763IS8,8
LT1763IS8#TRPBF,8
LT1763IS8-1^8#TRPBF,8
LT1763IS8-3^3#PBF,8
LT1763IS8-3^3#TRPBF,8
LT1763IS8-5#TRPBF,8
LT1763MPS8,8
LT1763MPS8#TRPBF,8
LT1776CS8#TRPBF,8
LT1776IS8#PBF,8
LT1785ACS8#TRPBF,8
LT1785AIS8#3AEPBF,8
LT1787HS8#TRMPBF,8
LT1787HVCS8#TRPBF,8
LT1787HVHS8#TRPBF,8
LT1787HVIS8#PBF,8
LT1787HVIS8#TRPBF,8
LT1789IS8-1#TRPBF,8
LT1791ACS#TRPBF,14
LT1791AIS#TRPBF,14
LT1791CS#PBF,14
LT1800CS8#TRPBF,8
LT1801IS8#PBF,8
LT1806CS8#TRPBF,8
LT1807CS8#TRPBF,8
LT1809CS8#PBF,8
LT1809CS8#TRPBF,8
LT1810CS8#TRPBF,8
LT1810IS8#PBF,8
LT1813DS8#PBF,8
LT1813HVCS8#TRPBF,8
LT1814CS#TRPBF,14
LT1818CS8#TRPBF,8
LT1819IS8#PBF,8
LT1881IS8#TRPBF,8
LT1884ACS8#PBF,8
LT1884ACS8#TRPBF,8
LT1884AIS8#TRPBF,8
LT1885CS#TRPBF,14
LT1885IS,14
LT1910IS8#TRPBF,8
LT1920CS8#TRPBF,8
LT1920IS8#PBF,8
LT1920IS8#TRPBF,8
LT1959IS8#PBF,8
LT1963AES8,8
LT1963AES8-1^8,8
LT1963AES8-1^8#TRPBF,8
LT1963AMPS8,8
LT1963ES8#TRPBF,8
LT1963ES8-2^5#TRPBF,8
LT1963ES8-3^3#TRPBF,8
LT1990ACS8#PBF,8
LT1990IS8#TRPBF,8
LT1990IS8-10#TRPBF,8
LT1999IS8-50#TRPBF,8
LT2078CS8#PBF,8
LT2178IS8#PBF,8
LT3002ES8E#TRPBF,8
LT3021ES8#TRPBF,8
LT3021ES8-1^2#PBF,8
LT3021ES8-1^2#TRPBF,8
LT3021ES8-1^8#TRPBF,8
LT4356CS-2#TRPBF,16
LT4356CS-3#PBF,16
LT4356CS-3#TRPBF,16
LT4356HS-2#TRPBF,16
LT4356IS-2#TRPBF,16
LT4356IS-3#TRPBF,16
LT4363MPS-2#PBF,16
LT4363MPS-2#TRPBF,16
LT6010CS8#TRPBF,8
LT6011ACS8#TRPBF,8
LT6011IS8#PBF,8
LT6012ACS#TRPBF,14
LT6012CS#TRPBF,14
LT6012IS#TRPBF,14
LT6014IS8#TRPBF,8
LT6200CS8-10#PBF,8
LT6201CS8#PBF,8
LT6202CS8#TRPBF,8
LT6202IS8#PBF,8
LT6203CS8#TRPBF,8
LT6203IS8#PBF,8
LT6221IS8#TRPBF,8
LT6234IS8#TR,8
LT6552CS8#PBF,8
LT6552IS8#TRPBF,8
LT6600CS8-10#PBF,8
LT6600CS8-5#TRPBF,8
LT8302IS8E#WTRPBF,8
LT8304ES8E#TRPBF,8
LT8304ES8E-1#PBF,8
LT8304IS8E#PBF,8
LTC1050CS8,8
LTC1050CS8#TR,8
LTC1067-50CS#TRPBF,16
LTC1067-50IS#PBF,16
LTC1150CS8,8
LTC1150CS8#TR,8
LTC1152IS8#PBF,8
LTC1261CS8#TRPBF,8
LTC1263IS8#TRPBF,8
LTC1265CS#TRPBF,14
LTC1326CS8#PBF,8
LTC1326IS8#TRPBF,8
LTC1440CS8#TRMPBF,8
LTC1442CS8#PBF,8
LTC1444IS#TRPBF,16
LTC1445CS#TRPBF,16
LTC1445IS#TRPBF,16
LTC1470ES8#PBF,8
LTC1470ES8#TRPBF,8
LTC1474CS8-3^3#PBF,8
LTC1474IS8-3^3#TRPBF,8
LTC1475CS8-3^3#PBF,8
LTC1480IS8,8
LTC1480IS8#TR,8
LTC1481IS8,8
LTC1483CS8#PBF,8
LTC1483CS8#TRPBF,8
LTC1483IS8#PBF,8
LTC1483IS8#TRPBF,8
LTC1536CS8#TRPBF,8
LTC1536IS8#TRPBF,8
LTC1541IS8#TRPBF,8
LTC1622IS8#TRPBF,8
LTC1625IS#PBF,16
LTC1625IS#TR,16
LTC1625IS#TRPBF,16
LTC1682CS8-3^3#PBF,8
LTC1682CS8-3^3#TRPBF,8
LTC1682IS8#TRPBF,8
LTC1682IS8-5#PBF,8
LTC1682IS8-5#TRPBF,8
LTC1771ES8#TRPBF,8
LTC1771IS8#TRPBF,8
LTC1841CS8#TRPBF,8
LTC1841IS8#PBF,8
LTC1842IS8#PBF,8
LTC1843CS8#TRPBF,8
LTC1843IS8#PBF,8
LTC1843IS8#TRPBF,8
LTC1921CS8#TRPBF,8
LTC1921IS8#PBF,8
LTC2050CS8#PBF,8
LTC2050CS8#TRPBF,8
LTC2051CS8#TRPBF,8
LTC2051HS8#PBF,8
LTC2051HVHS8#TRPBF,8
LTC2051IS8#PBF,8
LTC2052HVCS#TRPBF,14
LTC2850CS8#TRPBF,8
LTC4151IS-2#TRPBF,16
LTC4211CS8#PBF,8
LTC4441ES8-1#TRPBF,8
LTC4441IS8-1#TRPBF,8
LTC485CS8#PBF,8
LTC485CS8#TRPBF,8
LTC491CS#TRPBF,14
LTC491IS#TRPBF,14
LTC6090CS8E-5#PBF,8
LTC6090CS8E-5#TRPBF,8
LTC6090IS8E#TRPBF,8
LTC6240CS8#PBF,8
LTC6240HVCS8#PBF,8
LTC6240HVCS8#TRPBF,8
LTC6240HVIS8#TRPBF,8
LTC6241HVHS8#PBF,8
LTC6241HVHS8#TRPBF,8
LTC6268IS8-10#TRPBF,8
MAT14ARZ,14
MAT14ARZ-R7,14
MAT14ARZ-RL,14
OP07CSZ-REEL,8
OP07CSZ-REEL7,8
OP113ESZ,8
OP113FSZ-REEL7,8
OP1177ARZ,8
OP162GSZ,8
OP177FSZ-REEL,8
OP177GSZ-REEL7,8
OP184ESZ-REEL7,8
OP184FSZ,8
OP184FSZ-REEL,8
OP193FSZ-REEL,8
OP213ESZ,8
OP213FSZ,8
OP221GSZ-REEL,8
OP221GSZ-REEL7,8
OP249GSZ,8
OP262TRZ-EP,8
OP275GSZ,8
OP275GSZ-REEL7,8
OP279GSZ-REEL7,8
OP27GSZ-REEL,8
OP27GSZ-REEL7,8
OP281GSZ-REEL7,8
OP284ESZ-REEL,8
OP284TRZ-EP-R7,8
OP2910010SZR,8
OP291GSZ-REEL,8
OP291GSZ-REEL7,8
OP292GSZ,8
OP293ESZ-REEL7,8
OP293FSZ-REEL,8
OP295GSZ-REEL,8
OP296GSZ-REEL,8
OP297FSZ,8
OP297FSZ-REEL7,8
OP297GSZ,8
OP297GSZ-REEL,8
OP297GSZ-REEL7,8
OP37GSZ,8
OP4177ARZ,14
OP4177ARZ-REEL,14
OP42GSZ-R7,8
OP42GSZ-RL,8
OP482GSZ,14
OP482GSZ-REEL7,14
OP4840016SZR7,14
OP484ESZ,14
OP484ESZ-REEL,14
OP484FSZ-REEL7,14
OP492GSZ-REEL,14
OP496GSZ,14
OP496GSZ-REEL7,14
OP747ARZ,14
OP747ARZ-REEL7,14
OP777ARZ,8
OP90GSZ-REEL7,8
REF01CSZ-REEL,8
REF01CSZ-REEL7,8
REF02CSZ-REEL,8
REF03GSZ,8
REF03GSZ-REEL7,8
REF191ESZ,8
REF191ESZ-REEL,8
REF191GSZ-REEL,8
REF192ESZ-REEL7,8
REF192FSZ-REEL,8
REF193GSZ,8
REF193GSZ-REEL,8
REF194ESZ-REEL,8
REF195ESZ,8
REF195FSZ,8
REF195GSZ,8
REF195GSZ-REEL7,8
REF196GSZ-REEL,8
REF196GSZ-REEL7,8
REF198FSZ-REEL,8
REF198GSZ-REEL,8
REF43GSZ-REEL,8
SB2UM1281WARZ-RL7,8
SBM202EARNZ-REEL,16
SMP08FSZ,16
SSM2141SZ-REEL,8
SSM2143SZ,8
SSM2211SZ-REEL,8
SSM2211SZ-REEL7,8
SSM2212RZ,8
SSM2212RZ-R7,8
TMP04FSZ-REEL,8
TMP17FSZ,8
TMP17FSZ-RL,8
TMP17GSZ,8
AD11/2061Z-0REEL,8
AD22057RZ,8
AD45098,8
AD51/025Z-1REEL,8
AD71168ARIZKL3,16
AD7402-8BRIZ,8
AD7402-8BRIZ-RL,8
AD7403-8BRIZ-RL,8
AD7403-8BRIZ-RL7,8
AD7405BRIZ-RL,16
ADE7912ARIZ,20
ADE7912ARIZ-RL,20
ADE7932ARIZ,20
ADE7933ARIZ-RL,20
ADM2682EBRIZ-RL7,16
ADM2687EBRIZ-RL7,16
ADM3050EBRIZ-RL,8
ADUM2201ARIZ-RL,16
ADUM2201BRIZ-RL,16
ADUM2211SRIZ-RL,16
ADUM2211TRIZ,16
ADUM2250ARIZ-RL,16
ADUM2251ARIZ,16
ADUM2251ARIZ-RL,16
ADUM225N0BRIZ-RL,8
ADUM226N0BRIZ,8
ADUM226N0BRIZ-RL,8
ADUM226N1BRIZ,8
ADUM226N1BRIZ-RL,8
ADUM2286ARIZ-RL,16
ADUM2401ARIZ-RL,16
ADUM2401CRIZ-RL,16
ADUM2402ARIZ-RL,16
ADUM2402BRIZ-RL,16
ADUM252N0BRIZ-RL,16
ADUM260N0BRIZ,16
ADUM261N0BRIZ,16
ADUM261N0BRIZ-RL,16
ADUM261N1BRIZ-RL,16
ADUM262N0BRIZ,16
ADUM262N0BRIZ-RL,16
ADUM262N1BRIZ-RL,16
ADUM263N0BRIZ-RL,16
ADUM4151ARIZ,20
ADUM4151BRIZ-RL,20
ADUM4160BRIZ,16
ADUM4160BRIZ-RL,16
ADUM4190ARIZ,16
ADUM4190BRIZ,16
ADUM4190SRIZ,16
ADUM4190TRIZ,16
ADUM4221-1BRIZ,16
ADUM4221-1BRIZ-RL,16
ADUM4221-2ARIZ-RL,16
ADUM4221-2BRIZ,16
ADUM4221-2CRIZ,16
ADUM4221-2CRIZ-RL,16
ADUM4221ARIZ-RL,16
ADUM4221BRIZ,16
ADUM4221BRIZ-RL,16
ADUM4221CRIZ,16
ADUM4400CRIZ-RL,16
ADUM4402ARIZ-RL,16
ADUM4402BRIZ,16
ADUM4402BRIZ-RL,16
ADUM4471CRIZ,20
ADUM5028-3BRIZ-RL,8
ADUM5028-5BRIZ-RL,8
ADUM6020-3BRIZ-RL,16
ADUM6201ARIZ,16
ADUM6201ARIZ-RL,16
ADUM6403CRIZ,16
ADUM7701-8BRIZ-RL7,8
ADXC1500AWBRGZ-RL,16
AD71171JMPZ,32
ADAS1152XCFTBXHN1UICZ,34
AD71118JCFZ,316
AD71124JCFZ,320
AD71124JCFZ-T24,320
AD5246BKSZ100-RL7,6
AD5246BKSZ50-RL7,6
AD5246BKSZ5-RL7,6
AD5601BKSZ-500RL7,6
AD5601BKSZ-REEL7,6
AD5602BKSZ-2REEL7,6
AD5602YKSZ-2500RL7,6
AD5611AKSZ-500RL7,6
AD5611BKSZ-500RL7,6
AD5611BKSZ-REEL7,6
AD5621BKSZ-500RL7,6
AD5621BKSZ-REEL7,6
AD5622BKSZ-2500RL7,6
AD5622BKSZ-2REEL7,6
AD5622YKSZ-2REEL7,6
AD5641AKSZ-500RL7,6
AD5641AKSZ-REEL7,6
AD5641BKSZ-500RL7,6
AD5641BKSZ-REEL7,6
AD7476AAKSZ-REEL7,6
AD7476ABKSZ-REEL7,6
AD7476AYKSZ-500RL7,6
AD7476AYKSZ-REEL7,6
AD7478AAKSZ-REEL7,6
AD7910AKSZ-500RL7,6
AD7920BKSZ-500RL7,6
AD8468WBKSZ-R7,6
ADCMP356YKSZ-REEL7,4
ADG742BKSZ5-REEL7,5
ADG742BKSZ-REEL7,6
ADG749BKSZ-R2,6
ADG841YKSZ-500RL7,6
ADG841YKSZ-REEL7,6
ADL5501AKSZ-R2,6
ADM1087AKSZ-REEL7,6
ADR01AKSZ-REEL7,5
ADR01BKSZ-REEL7,5
ADR02AKSZ-REEL7,5
ADR02BKSZ-REEL7,5
ADR03AKSZ-REEL7,5
ADR03BKSZ-REEL7,5
ADR06AKSZ-REEL7,5
ADR06BKSZ-REEL7,5
TMP05AKSZ-REEL7,5
TMP05BKSZ-500RL7,5
TMP05BKSZ-REEL7,5
5962-8778902EA,16
5962-9096201MQA,40
AD2S80AAD,40
AD2S80ABD,40
AD521SD/883B,14
AD524AD,16
AD526BDZ,16
AD532JDZ,14
AD534JDZ_E,14
AD534KDZ_E,14
AD534LDZ_E,14
AD534TD,14
AD539JDZ,16
AD558SD,16
AD558SD/883B,16
AD558TD,16
AD574AJD,28
AD574ASD,28
AD574ATD,28
AD574ATD/883B,28
AD624AD,16
AD630ADZ,20
AD637SD/883B,14
AD650SD/883B,14
AD667AD,28
AD767SD/883B,24
JM38510/13301BEA,16
5962-9474301MXA,28
AD1674AD,28
AD1674BD,28
AD1674TD/883B,28
AD71165TRQZ-RL7,16
AD8324JRQZ-REEL7,20
AD8331ARQZ,20
AD8436ARQZ,20
AD8604ARQZ-RL,16
ADCMP551BRQZ,16
ADCMP551BRQZ-REEL7,16
ADCMP562BRQZ,20
ADM1041AARQZ-REEL,24
ADM1270ARQZ,16
ADM1270ARQZ-R7,16
ADM2914-2ARQZ,16
ADM3101EARQZ,16
ADP1048ARQZ-R7,24
ADP1821ARQZ-R7,16
ADT7411ARQZ,16
ADT7470ARQZ-REEL,16
ADT7470ARQZ-REEL7,16
ADT7516ARQZ-REEL7,16
ADUM140D1BRQZ-RL7,16
ADUM140E0BRQZ,16
ADUM140E0BRQZ-RL7,16
ADUM141D0BRQZ,16
ADUM141D0BRQZ-RL7,16
ADUM141E0BRQZ,16
ADUM141E0WBRQZ-RL7,16
ADUM141E1WBRQZ,16
ADUM141E1WBRQZ-RL7,16
ADUM142D1BRQZ-RL7,16
ADUM142E1WBRQZ-RL7,16
ADUM1441ARQZ,16
ADUM1441ARQZ-RL7,16
ADUM1442ARQZ-RL7,16
ADUM1445ARQZ,16
ADUM1446ARQZ,16
ADUM1446ARQZ-RL7,16
ADUM3070ARQZ,16
ADUM3070ARQZ-RL7,16
ADUM3190ARQZKL2,16
ADUM3190ARQZ-RL7,16
ADUM3190SRQZ,16
ADUM3190SRQZ-RL7,16
ADUM3190TRQZ,16
ADUM3190TRQZKL1,16
ADUM3190TRQZ-RL7,16
ADUM3190WSRQZ,16
ADUM3190WSRQZ-RL7,16
ADUM3190WTRQZ-RL7,16
ADUM7640ARQZ-RL7,20
ADUM7640CRQZ-RL7,20
ADUM7641ARQZ,20
ADUM7642ARQZ,20
ADUM7642CRQZ-RL7,20
ADUM7643ARQZ,20
ADUM7643CRQZ,20
ADUM7643CRQZ-RL7,20
ADW80038SRQZ-R7KL1,16
HMC252AQS24ETR,24
LT1399CGN#TRPBF,16
LT1620IGN#PBF,16
LT1620IGN#TRPBF,16
LT1721CGN#TRPBF,16
LT1721IGN#PBF,16
LT1721IGN#TRPBF,16
LT1766EGN-5#PBF,16
LT1766IGN-5#PBF,16
LT1766IGN-5#TRPBF,16
LT1814IGN#TRPBF,16
LT1956IGN-5#PBF,16
LT1956IGN-5#TRPBF,16
LT6012AIGN#PBF,16
LT6012IGN#PBF,16
LT6204CGN#TRPBF,16
LT6204IGN#PBF,16
LT6232CGN#PBF,16
LT6232CGN#TRPBF,16
LTC1698IGN#PBF,16
LTC1775CGN#TRPBF,16
LTC2052HGN#TRPBF,16
LTC2052HVIGN#TRPBF,16
LTC2052IGN#PBF,16
LTC2855CGN#TRPBF,16
LTC2855HGN#PBF,16
LTC2861CGN#PBF,16
LTC2861CGN#TRPBF,16
LTC2901-1CGN#TRMPBF,16
LTC2901-1IGN#TRMPBF,16
LTC2901-2CGN#PBF,16
LTC2902-1CGN#TRPBF,16
LTC2902-1IGN,16
LTC2914HGN-1#PBF,16
LTC2914HGN-1#TRPBF,16
LTC2914HGN-2#PBF,16
LTC3787IGN#TRPBF,28
LTC3850IGN-1#PBF,28
LTC3850IGN-1#TRMPBF,28
LTC3851AEGN#PBF,16
LTC3851IGN#PBF,16
LTC3890EGN-1#TRPBF,28
LTC3890HGN-1#TRPBF,28
LTC4218CGN#TRPBF,16
LTC4218IGN#TRPBF,16
LTC6079CGN#TRMPBF,16
LTC6079CGN#TRPBF,16
LTC6242CGN#TRPBF,16
LTC6242HVHGN#PBF,16
LTC6242HVIGN#TRPBF,16
LT3071EUFD#PBF,28
LT3514EUFD#PBF,28
LT3579IUFD#PBF,20
LT3579IUFD#TRPBF,20
LT3641EUFD#TRPBF,28
LT3755EUD#TRPBF,16
LT3755EUD-2#TRPBF,16
LT3755IUD#PBF,16
LT3756EUD#PBF,16
LT3756IUD-2#TRPBF,16
LT3932IUFD-1#PBF,28
LT8620IUDD#PBF,24
LT8640IUDC-1#PBF,18
LTC1628IUH#PBF,32
LTC2945IUD#PBF,12
LTC2952CUF#PBF,20
LTC2952CUF#TRPBF,20
LTC2952IUF#PBF,20
LTC2952IUF#TRMPBF,20
LTC3217EUD#PBF,16
LTC3219EUD#TRPBF,20
LTC3370EUH#PBF,32
LTC3412AIUF#PBF,16
LTC3418EUHF#PBF,38
LTC3527EUD#PBF,16
LTC3527EUD-1#PBF,16
LTC3527EUD-1#TRPBF,16
LTC3545EUD#PBF,16
LTC3545EUD-1#TRMPBF,16
LTC3545IUD#TRPBF,16
LTC3569EUD#PBF,20
LTC3569EUD#TRPBF,20
LTC3569IUD#PBF,20
LTC3601EUD#TRPBF,16
LTC3604EUD#TRPBF,16
LTC3604IUD#PBF,16
LTC3604IUD#TRPBF,16
LTC3615HUF#PBF,24
LTC3615IUF-1#PBF,24
LTC3618IUF#PBF,24
LTC3633AEUFD#PBF,28
LTC3633AEUFD-1#PBF,28
LTC3633AIUFD#PBF,28
LTC3676IUJ#PBF,40
LTC3676IUJ-1#PBF,40
LTC3728LEUH-1#PBF,32
LTC3780IUH#PBF,32
LTC3780IUH#TRMPBF,32
LTC3789EUFD#PBF,28
LTC3807EUDC#TRPBF,20
LTC3851AIUD-1#PBF,16
LTC3851IUD#TRPBF,16
LTC3857IUH#PBF,32
LTC3859EUHF#PBF,38
LTC3859EUHF#PBF-T0,38
LTC3868IUH#PBF,32
LTC3880EUJ-1#PBF,40
LTC3880EUJ-1#TRPBF,40
LTC3884IUK#PBF,48
LTC3890EUH-2#PBF,32
LTC3891HUDC#PBF,20
LTC4040EUFD#TRPBF,24
LTC4040IUFD#PBF,24
LTC4215CUFD#PBF,24
LTC4215CUFD-2#PBF,24
LTC4215IUFD-1#TRPBF,24
LTC4280IUFD#PBF,24
LTC6820IUD#PBF,16
LTC7103HUHE#PBF,36
LTC7103IUHE#PBF,36
LTC7103MPUHE#PBF,36
LTC7812EUH#PBF,32
AD2S82AHPZ-REEL,44
AD2S83IPZ-REEL,44
AD2S99APZ,20
AD558JPZ,20
AD558JPZ-REEL7,20
AD558KPZ-REEL7,20
AD569JPZ-REEL,28
AD667JPZ,28
AD698APZ,28
AD7228ABPZ,28
AD7228ABPZ-REEL,28
AD7228ACPZ-REEL,28
AD75019JPZ,44
AD75019JPZ-REEL,44
AD7528JPZ,20
AD7541AJPZ-REEL,20
AD7543KPZ,20
AD7547JPZ-REEL,28
AD7548KPZ-REEL,20
AD7569JPZ-REEL,28
AD7628KPZ,20
AD7846KPZ-REEL,28
AD7871JPZ,28
AD7891APZ-2,44
AD7891APZ-2REEL,44
ADCMP565BPZ,20
ADG428BPZ-REEL,20
ADG528FBPZ,20
DAC8412FPCZ-REEL,28
AD420ANZ-32,24
AD526JNZ,16
AD569KNZ,28
AD584KNZ,8
AD586JNZ,8
AD586KNZ,8
AD586MNZ,8
AD587JNZ,8
AD587KNZ,8
AD626ANZ,8
AD629BNZ,8
AD630JNZ,20
AD630KNZ,20
AD648JNZ,8
AD650JNZ,14
AD654JNZ,8
AD660ANZ,24
AD660BNZ,24
AD674BKNZ,28
AD678JNZ,28
AD694JNZ,16
AD704JNZ,14
AD708JNZ,8
AD711KNZ,8
AD712KNZ,8
AD713JNZ,14
AD7225KNZ,24
AD7228ABNZ,24
AD7237JNZ,24
AD7243BNZ,16
AD7247AANZ,24
AD7247ABNZ,24
AD7248ABNZ,20
AD7302BNZ,20
AD734ANZ,14
AD734BNZ,14
AD736JNZ,8
AD7533KNZ,16
AD7541AKNZ,18
AD767JNZ,24
AD7703ANZ,20
AD7703BNZ,20
AD7705BNZ,16
AD7706BNZ,16
AD7710ANZ,24
AD7712ANZ,24
AD7715ANZ-3,16
AD7715ANZ-5,16
AD7741BNZ,8
AD781JNZ,8
AD7837ANZ,24
AD7837BNZ,24
AD7849ANZ,20
AD7876BNZ,24
AD790JNZ,8
AD797ANZ,8
AD8010ANZ,8
AD8055ANZ,8
AD8072JNZ,8
AD810ANZ,8
AD818ANZ,8
AD820ANZ,8
AD826ANZ,8
AD829JNZ,8
AD8300ANZ,8
AD835ANZ,8
AD8402ANZ10,14
AD848JNZ,8
AD977ANZ,20
ADG528AKNZ,18
ADM233LJNZ,20
ADM483EANZ,8
ADM489ANZ,14
ADM660ANZ,8
ADM691ANZ,16
ADM692ANZ,8
ADM693ANZ,16
ADM694ANZ,8
ADM695ANZ,16
ADM697ANZ,16
ADM699ANZ,8
ADM705ANZ,8
ADM706ANZ,8
ADM707ANZ,8
ADVFC32KNZ,14
AMP02FPZ,8
AMP03GPZ,8
AMP04FPZ,8
DAC08CPZ,16
LT1072CN8#PBF,8
LT1077IN8#PBF,8
LT1082CN8#PBF,8
LT1120CN8#PBF,8
LT1120IN8#PBF,8
LT1336IN#PBF,16
LT1356CN#PBF,14
LT1785AIN8#PBF,8
MUX08FPZ,16
OP07DNZ,8
OP07EPZ,8
OP177FPZ,8
OP177GPZ,8
OP200GPZ,8
OP213FPZ,8
OP270GPZ,8
OP275GPZ,8
OP284EPZ,8
OP295GPZ,8
OP297FPZ,8
OP37GPZ,8
OP400GPZ,14
OP42GPZ,8
OP470GPZ,14
OP482GPZ,14
OP484FPZ,14
OP491GPZ,14
OP495GPZ,14
OP97EPZ,8
REF02HPZ,8
REF03GPZ,8
REF192GPZ,8
REF195GPZ,8
REF43GPZ,8
SSM2019BNZ,8
SSM2142PZ,8
TMP01FPZ,8
AD22367,24
AD53098Z-RL,44
AD7891ASZ-1REEL,44
AD7891ASZ-2REEL,44
AD7891YSZ-1,44
AD79023CSZ,64
AD9888KSZ-170,128
ADUC831BSZ,52
ADUC831BSZ-REEL,52
ADUC836BSZ,52
ADUC842BSZ62-3,52
ADUC843BSZ62-5,52
ADUC845BSZ8-3,52
ADUC847BSZ32-5,52
ADUC848BSZ62-3,52
ADUC848BSZ8-5,52
ADCMP395ARMZ-RL7,10
ADP124ARHZ-1^8-R7,8
ADP124ARHZ-2^7-R7,8
ADP124ARHZ-3^0-R7,8
ADP3624ARHZ-RL,8
ADP3634ARHZ,8
ADP3654ARHZ-R7,8
HMC270AMS8GETR,8
HMC284AMS8GETR,8
HMC346AMS8GETR,8
HMC358MS8GETR,8
HMC358MS8GTR,8
HMC435AMS8GETR,8
HMC437MS8GETR,8
LT3023EMSE#TRPBF,10
LT3027EMSE#PBF,10
LT3065EMSE-1^8#TRPBF,12
LT3065HMSE#TRPBF,12
LT3065IMSE-1^8#PBF,12
LTC3026EMSE-1#TRPBF,10
LTC3026IMSE-1#PBF,10
LTC4441EMSE#TRPBF,10
SBC346MS8GETR,8
AD4000BRMZ,10
AD4000BRMZ-RL7,10
AD4001BRMZ,10
AD4001BRMZ-RL7,10
AD4003BRMZ-RL7,10
AD4004BRMZ-RL7,10
AD4007BRMZ,10
AD4007BRMZ-RL7,10
AD45097,8
AD45118ARMZ-R7,8
AD5162BRMZ10,10
AD5162BRMZ10-RL7,10
AD5162BRMZ50,10
AD5170BRMZ2^5-RL7,10
AD5173BRMZ10,10
AD5200BRMZ50-REEL7,10
AD5248BRMZ10,10
AD5248BRMZ50-RL7,10
AD5258BRMZ10,10
AD5258BRMZ10-R7,10
AD5258BRMZ1-R7,10
AD5258BRMZ50-R7,10
AD5259BRMZ10,10
AD5259BRMZ5,10
AD5259BRMZ5-R7,10
AD5271BRMZ-100-RL7,10
AD5272BRMZ-100,10
AD5272BRMZ-50,10
AD5272BRMZ-50-RL7,10
AD5290YRMZ50-R7,10
AD5300BRMZ-REEL7,8
AD5302ARMZ-REEL7,10
AD5304ARMZ-REEL7,10
AD5304BRMZ-REEL7,10
AD5305BRMZ-REEL7,10
AD5310BRMZ-REEL7,8
AD5310RBRMZ,10
AD5311RBRMZ-RL7,10
AD5312BRMZ,10
AD5314ARMZ-REEL7,10
AD5314BRMZ-REEL7,10
AD5321BRMZ-REEL7,8
AD5322BRMZ,10
AD5324ARMZ-REEL7,10
AD5441BRMZ,8
AD5444YRMZ,10
AD5543BRMZ,8
AD5620CRMZ-1,8
AD5624BRMZ,10
AD5624BRMZ-REEL7,10
AD5624RBRMZ-5REEL7,10
AD5627BRMZ-REEL7,10
AD5627RBRMZ-1REEL7,10
AD5640CRMZ-2,8
AD5643RBRMZ-3,10
AD5643RBRMZ-3REEL7,10
AD5644RBRMZ-3REEL7,10
AD5662ARMZ-1,8
AD5663RBRMZ-3REEL7,10
AD5663RBRMZ-5,10
AD5663RBRMZ-5REEL7,10
AD5664BRMZ,10
AD5667RBRMZ-1REEL7,10
AD5667RBRMZ-2,10
AD5667RBRMZ-2REEL7,10
AD5683RARMZ,10
AD5683RARMZ-RL7,10
AD5683RBRMZ-RL7,10
AD5691RBRMZ-RL7,10
AD5693RARMZ,10
AD5693RBRMZ-RL7,10
AD7091RBRMZ-RL7,10
AD7273BRMZ-REEL,8
AD7274BRMZ,8
AD7274BRMZ-REEL,8
AD7303BRMZ,8
AD7416ARMZ-REEL,8
AD7450ABRMZ,8
AD7450ARMZ,8
AD7466BRMZ,8
AD7476ABRMZ,8
AD7476AWYRMZ-RL7,8
AD7476AYRMZ,8
AD7740KRMZ,8
AD7740KRMZ-REEL,8
AD7788BRMZ,10
AD7790BRMZ,10
AD7791BRMZ,10
AD7810YRMZ,8
AD7922ARMZ-REEL7,8
AD7940BRMZ,8
AD7983BRMZ-RL7,10
AD7988-1BRMZ-RL7,10
AD7988-5BRMZ-RL7,10
AD7992BRMZ-0REEL,10
AD8028WARMZ-R7,10
AD8056ARMZ,8
AD8062ARMZ-R7,8
AD8129ARMZ,8
AD8130ARMZ,8
AD8132ARMZ-REEL7,8
AD8138SRMZ-EP-R7,8
AD8202WYRMZ-RL,8
AD8202YRMZ-RL,8
AD8203YRMZ-R7,8
AD8209AWBRMZ-R7,8
AD8212WYRMZ-R7,8
AD8212YRMZ,8
AD8213YRMZ-R7,10
AD8214ARMZ-R7,8
AD8214ARMZ-RL,8
AD8217BRMZ-R7,8
AD8218BRMZ,8
AD8219BRMZ-RL,8
AD8220ARMZ-R7,8
AD8220BRMZ-R7,8
AD8220WARMZ,8
AD8221ARMZ-RL,8
AD8226BRMZKL2,8
AD8228BRMZ,8
AD822ARMZ-REEL,8
AD8237ARMZ,8
AD8244ARMZ-R7,10
AD8271ARMZ,10
AD8274ARMZ-R7,8
AD8275ARMZ-R7,8
AD8276ARMZ,8
AD8276ARMZ-R7,8
AD8278BRMZ-R7,8
AD8313ARMZ-REEL7,8
AD8314ARMZ-REEL7,8
AD8350ARMZ15-REEL7,8
AD8410WXRMZ,8
AD8417WBRMZ-RL,8
AD8418AWBRMZ,8
AD8421BRMZ,8
AD8421BRMZ-RL,8
AD8422BRMZ-RL,8
AD8475BRMZ-R7,10
AD8476ARMZ-R7,8
AD8476ARMZ-RL,8
AD8476BRMZ,8
AD8476BRMZ-R7,8
AD8494ARMZ,8
AD8494CRMZ,8
AD8494CRMZ-R7,8
AD8510ARMZ,8
AD8510ARMZ-REEL,8
AD8529ARMZ-REEL,8
AD8539ARMZ,8
AD8539ARMZ-REEL,8
AD8546ARMZ,8
AD8553ARMZ-REEL,10
AD8571ARMZ,8
AD8607ARMZ,8
AD8611ARMZ-R2,8
AD8616ARMZ,8
AD8622ARMZ-R7,8
AD8626ARMZ,8
AD8626ARMZ-REEL,8
AD8642ARMZ-REEL,8
AD8646ARMZ,8
AD8651ARMZ-REEL,8
AD8652ARMZ-REEL,8
AD8656ARMZ-REEL,8
AD8662ARMZ,8
AD8662ARMZ-REEL,8
AD8667ARMZ,8
AD8671ARMZ-REEL,8
AD8675ARMZ,8
AD8676ARMZ-REEL,8
AD8676BRMZ-REEL,8
AD8692WARMZ-REEL,8
ADA4000-2ARMZ,8
ADA4004-2ARMCU-G0Z,8
ADA4051-2ARMZ,8
ADA4062-2ARMZ,8
ADA4077-2ARMZ,8
ADA4077-2TRMZ-EPR7,8
ADA4096-2ARMZ-R7,8
ADA4177-1ARMZ,8
ADA4177-1ARMZ-R7,8
ADA4417-3ARMZ,10
ADA4417-3ARMZ-R7,10
ADA4417-3ARMZ-RL,10
ADA4500-2ARMZ,8
ADA4500-2ARMZ-R7,8
ADA4500-2ARMZ-RL,8
ADA4505-2ARMZ,8
ADA4522-1ARMZ-RL,8
ADA4522-2ARMZ-R7,8
ADA4522-2ARMZ-RL,8
ADA4610-2ARMZ-R7,8
ADA4610-2ARMZ-RL,8
ADA4622-2ARMZ-R7,8
ADA4661-2ARMZ-R7,8
ADA4661-2ARMZ-RL,8
ADA4666-2ARMZ-R7,8
ADA4666-2ARMZ-RL,8
ADA4805-2ARMZ-R7,8
ADA4851-2WYRMZ-R7,8
ADA4891-2ARMZ-RL,8
ADA4895-2ARMZ-R7,10
ADA4897-2ARMZ-R7,10
ADG1402BRMZ-REEL7,8
ADG1419BRMZ,8
ADG1421BRMZ,10
ADG5401BRMZ-RL7,8
ADG5419BRMZ-RL7,8
ADG5421BRMZ,10
ADG5423BRMZ-RL7,10
ADG601BRMZ,8
ADG619BRMZ-REEL,8
ADG719BRMZ,8
ADG736BRMZ-REEL7,10
ADG736LBRMZ-REEL7,10
ADG752BRMZ,8
ADG787BRMZ,10
ADG787BRMZ-500RL7,10
ADG801BRMZ-REEL7,8
ADG804YRMZ-REEL7,10
ADG819BRMZ-REEL7,8
ADG821BRMZ,8
ADG822BRMZ-REEL7,8
ADG823BRMZ-REEL7,8
ADG836LYRMZ,10
ADG836YRMZ-REEL7,10
ADG884BRMZ-REEL7,10
ADG902BRMZ,8
ADG918BRMZ-REEL,8
ADM1176-2ARMZ-R7,10
ADM1177-1ARMZ-R7,10
ADM1177-2ARMZ-R7,10
ADM1178-1ARMZ-R7,10
ADM1178-2ARMZ-R7,10
ADM1184ARMZ-REEL7,10
ADM1185ARMZ-1,10
ADM1185ARMZ-1REEL7,10
ADM1191-2ARMZ-R7,10
ADM1192-1ARMZ-R7,10
ADM1485ARMZ,8
ADM1485ARMZ-REEL7,8
ADM3062EARMZ-R7,10
ADM3065EARMZ-R7,8
ADM3065EBRMZ-R7,8
ADM3066EARMZ,10
ADM485ARMZ-REEL7,8
ADP1613ARMZ-R7,8
ADP1621ARMZ-R7,10
ADP1715ARMZ-1^05R7,8
ADP1715ARMZ-1^0-R7,8
ADP1715ARMZ-2^5-R7,8
ADP1715ARMZ-3^3-R7,8
ADP1715ARMZ-R7,8
ADP1716ARMZ-3^3-R7,8
ADP1720ARMZ-5-R7,8
ADP1720ARMZ-R7,8
ADP1870ARMZ-0^6-R7,10
ADP1871ARMZ-0^3-R7,10
ADP3333ARMZ-1^8-RL,8
ADP3333ARMZ-5-R7,8
ADP3335ARMZ-3^3RL7,8
ADP3335ARMZ-5-R7,8
ADP3335ARMZ-5-REEL,8
ADP3336ARMZ-REEL7,8
ADR3530WARMZ-R7,8
ADR3533WARMZ-R7,8
ADR3533WBRMZ-R7,8
ADR3540WARMZ-R7,8
ADR3540WBRMZ-R7,8
ADR420ARMZ-REEL7,8
ADR425ARMZ,8
ADR425ARMZ-REEL7,8
ADR431BRMZ,8
ADR431BRMZ-R7,8
ADR433ARMZ-REEL7,8
ADR434ARMZ-REEL7,8
ADR435BRMZ-R7,8
ADR441ARMZ,8
ADR443ARMZ,8
ADR444ARMZ-REEL7,8
ADR827BRMZ-REEL7,10
ADT75ARMZ,8
ADT75ARMZ-REEL,8
ADTL082ARMZ-REEL,8
ADW50007Z-0REEL7,8
ADW5001-0RL7,10
ADW60008ARMZ-RL,8
ADW68276ARMZ-RL,8
HMC190BMS8ETR,8
HMC194AMS8ETR,8
LT1307BCMS8#TRPBF,8
LT1316CMS8#TRPBF,8
LT1317BCMS8#PBF,8
LT1317BCMS8#TRPBF,8
LT1317CMS8#TRPBF,8
LT1351CMS8#TRPBF,8
LT1396CMS8#TRPBF,8
LT1490CMS8#PBF,8
LT1494CMS8#PBF,8
LT1494CMS8#TRPBF,8
LT1521CMS8#TRPBF,8
LT1521CMS8-5#TRPBF,8
LT1620CMS8#TRPBF,8
LT1638CMS8#PBF,8
LT1720CMS8#PBF,8
LT1720CMS8#TRPBF,8
LT1720IMS8#PBF,8
LT1720IMS8#TRPBF,8
LT1723IMS8#TRPBF,8
LT1762EMS8,8
LT1762EMS8-3#PBF,8
LT1762EMS8-3#TRPBF,8
LT1762EMS8-3^3#TRPBF,8
LT1762EMS8-5#PBF,8
LT1762EMS8-5#TRPBF,8
LT1767EMS8#PBF,8
LT1767EMS8-2^5#TRPBF,8
LT1767EMS8-5#TRPBF,8
LT1787HVCMS8#TRPBF,8
LT1801CMS8#TRPBF,8
LT1807CMS8#TRPBF,8
LT1807IMS8#PBF,8
LT1807IMS8#TRPBF,8
LT1810IMS8#PBF,8
LT1810IMS8#TRPBF,8
LT1816IMS8#TRPBF,8
LT1819IMS8#PBF,8
LT1936IMS8E#PBF,8
LT1944-1EMS#TRPBF,10
LT1944EMS#PBF,10
LT1944EMS#TRPBF,10
LT1945EMS#TRPBF,10
LT1945IMS#TRPBF,10
LT1946AEMS8E#PBF,8
LT1946AEMS8E#TRPBF,8
LT1946EMS8#TRPBF,8
LT1961IMS8E#PBF,8
LT1961IMS8E#TRPBF,8
LT1962EMS8#PBF,8
LT1962EMS8-3#TRPBF,8
LT1962EMS8-3^3#PBF,8
LT1962EMS8-5,8
LT1962EMS8-5#TR,8
LT1962EMS8-5#TRPBF,8
LT1962IMS8#PBF,8
LT1965EMS8E#TRPBF,8
LT1965EMS8E-1^5#TRPBF,8
LT1965EMS8E-2^5#TRPBF,8
LT1965EMS8E-3^3#PBF,8
LT1965EMS8E-3^3#TRPBF,8
LT1965IMS8E-3^3#TRPBF,8
LT1991AIMS#TRPBF,10
LT1991CMS#PBF,10
LT1991IMS#PBF,10
LT1999HMS8-20#TRPBF,8
LT1999HMS8-50#TRPBF,8
LT2940CMS#TRPBF,12
LT2940IMS#TRPBF,12
LT3010EMS8E-5,8
LT3010EMS8E-5#TR,8
LT3010MPMS8E,8
LT3011EMSE#TRPBF,12
LT3020EMS8#TRPBF,8
LT3020IMS8-1^8#PBF,8
LT3020IMS8-1^8#TRPBF,8
LT3027IMSE#TRPBF,10
LT3065EMSE-5#TRPBF,12
LT3065MPMSE-1^8#TRPBF,12
LT3080EMS8E#PBF,8
LT3080EMS8E#TRPBF,8
LT3080IMS8E#TRPBF,8
LT3085EMS8E#PBF,8
LT3085EMS8E#TRPBF,8
LT3085IMS8E#PBF,8
LT3420EMS#PBF,10
LT3480EMSE#TRPBF,10
LT3480IMSE#PBF,10
LT3480IMSE#TRPBF,10
LT3481IMSE#TRPBF,10
LT3500EMSE#TRPBF,16
LT3502AIMS#TRPBF,10
LT3502EMS#TRPBF,10
LT3505EMS8E#PBF,8
LT3505EMS8E#TRPBF,8
LT3509HMSE#TRPBF,16
LT3511EMS#PBF,12
LT3511EMS#TRPBF,12
LT3511IMS#TRPBF,16
LT3512EMS#TRPBF,16
LT3573EMSE#PBF,16
LT3573EMSE#TRPBF,16
LT3573IMSE#TRPBF,16
LT3574IMS#PBF,16
LT3574IMS#TRPBF,16
LT3580IMS8E#PBF,8
LT3580IMS8E#TRPBF,8
LT3580MPMS8E#TRPBF,8
LT3581IMSE#3ZZPBF,16
LT3680IMSE#PBF,10
LT3693EMSE#TRPBF,10
LT3693IMSE#PBF,10
LT3693IMSE#TRPBF,10
LT3748EMS#PBF,12
LT3748EMS#TRPBF,12
LT3748HMS#PBF,12
LT3748IMS#PBF,12
LT3755EMSE#PBF,16
LT3755IMSE#TRPBF,16
LT3755JMSE-2#WPBF,16
LT3756EMSE-1#PBF,16
LT3756IMSE-2#TRPBF,16
LT3757AIMSE#TRPBF,10
LT3757IMSE#PBF,10
LT3757MPMSE#PBF,10
LT3758AEMSE#TRPBF,10
LT3758AIMSE#PBF,10
LT3758EMSE#TRPBF,10
LT3758HMSE#TRPBF,10
LT3758MPMSE#TRPBF,10
LT3761AEMSE#TRPBF,16
LT3761EMSE#PBF,16
LT3761EMSE#TRPBF,16
LT3761IMSE#PBF,16
LT3798MPMSE#PBF,16
LT3799EMSE#PBF,16
LT3799EMSE#TRPBF,16
LT3799EMSE-1#TRPBF,16
LT3799IMSE-1#TRPBF,16
LT3970EMS#PBF,10
LT3970EMS-5#TRPBF,10
LT3970IMS-3^3#PBF,10
LT3970IMS-3^3#TRPBF,10
LT3970IMS-5#TRPBF,10
LT3971EMSE-3^3#TRPBF,10
LT3971EMSE-5#TRPBF,10
LT3972EMSE#TRPBF,10
LT3972HMSE#PBF,10
LT3972HMSE#TRPBF,10
LT3972IMSE#TRPBF,10
LT3976EMSE#PBF,16
LT3976IMSE#PBF,16
LT3988IMSE#TRPBF,16
LT3990EMSE#PBF,16
LT3991EMSE#PBF,10
LT3991EMSE#TRPBF,10
LT3991EMSE-3^3#PBF,10
LT3991EMSE-5#PBF,10
LT3991EMSE-5#TRPBF,10
LT3991IMSE-3^3#PBF,10
LT3991IMSE-3^3#TRPBF,10
LT3995IMSE#TRPBF,16
LT4356CMS-3#TRPBF,10
LT4356HMS-1,10
LT4356HMS-3#PBF,10
LT4356HMS-3#TRPBF,10
LT4363HMS-1#TRPBF,12
LT4363IMS-1#TRPBF,12
LT6004CMS8#PBF,8
LT6004HMS8#TRPBF,8
LT6016HMS8#PBF,8
LT6016IMS8#TRPBF,8
LT6020HMS8#TRPBF,8
LT6100CMS8#TRPBF,8
LT6100HMS8#TRPBF,8
LT6105IMS8#PBF,8
LT6108AIMS8-2#PBF,8
LT6108HMS8-1#PBF,8
LT6108IMS8-1#PBF,8
LT6108IMS8-1#TRPBF,8
LT6109AHMS-2#TRPBF,10
LT6109AIMS-2#PBF,10
LT6109AIMS-2#TRPBF,10
LT6109HMS-1#TRPBF,10
LT6109HMS-2#PBF,10
LT6118IMS8#PBF,8
LT6119IMS-1#TRPBF,10
LT6206IMS8#PBF,8
LT6211IMS#TRPBF,10
LT6550IMS#PBF,10
LT6551CMS#PBF,10
LT8361EMSE#PBF,12
LT8361EMSE#TRPBF,12
LT8361HMSE#PBF,12
LT8361HMSE#TRPBF,12
LT8361IMSE#PBF,12
LT8361IMSE#TRPBF,12
LT8364EMSE#PBF,12
LT8364HMSE#TRPBF,12
LT8606EMSE#TRPBF,10
LT8607IMSE#PBF,10
LT8609AHMSE#TRPBF,10
LT8609BIMSE#PBF,10
LT8609BIMSE#TRPBF,10
LT8609EMSE#TRPBF,10
LT8609HMSE#PBF,10
LT8610ABEMSE#TRPBF,16
LT8610ABEMSE-3^3#TRPBF,16
LT8610ACHMSE#3JXPBF,16
LT8610AEMSE#PBF,16
LT8610AEMSE#TRPBF,16
LT8610AIMSE#PBF,16
LT8610HMSE#WTRPBF,16
LT8619IMSE#TRPBF,16
LT8619IMSE-5#TRPBF,16
LT8620EMSE#TRPBF,16
LT8620IMSE#PBF,16
LTC1326IMS8-2^5#TRPBF,8
LTC1440CMS8#TRPBF,8
LTC1440IMS8,8
LTC1474CMS8#TRPBF,8
LTC1475CMS8-3^3#TRPBF,8
LTC1484CMS8#TRPBF,8
LTC1540CMS8#PBF,8
LTC1540CMS8#TRPBF,8
LTC1541IMS8#PBF,8
LTC1622CMS8#TRPBF,8
LTC1682CMS8#TRPBF,8
LTC1682CMS8-5#TRPBF,8
LTC1682IMS8#TRPBF,8
LTC1682IMS8-5#TRPBF,8
LTC1706EMS-61#TRPBF,10
LTC1706EMS-81#PBF,10
LTC1706EMS-81#TRPBF,10
LTC1726EMS8-2^5#PBF,8
LTC1726EMS8-2^5#TRPBF,8
LTC1771EMS8#TRPBF,8
LTC1878EMS8#PBF,8
LTC1921CMS8#TRPBF,8
LTC1992-10CMS8#PBF,8
LTC1992-1CMS8#PBF,8
LTC1992-1CMS8#TRPBF,8
LTC1992CMS8#TRPBF,8
LTC1992HMS8#TRPBF,8
LTC2051HMS8#TRPBF,8
LTC2051HVCMS10#TRPBF,10
LTC2051HVHMS8#TRPBF,8
LTC2051HVIMS10#TRPBF,10
LTC2051HVIMS8#PBF,8
LTC2051HVIMS8#TRPBF,8
LTC2051IMS8#TRPBF,8
LTC2053HMS8#TRPBF,8
LTC2053IMS8#PBF,8
LTC2055HMS8#PBF,8
LTC2055HMS8#TRPBF,8
LTC2055HVHMS8#PBF,8
LTC2850MPMS8#PBF,8
LTC2851IMS8#TRPBF,8
LTC2851MPMS8#PBF,8
LTC2851MPMS8#TRPBF,8
LTC2852CMS#PBF,10
LTC2852HMS#TRPBF,10
LTC2856CMS8-1#TRPBF,8
LTC2856CMS8-2#TRPBF,8
LTC2856IMS8-1#TRPBF,8
LTC2857HMS8-1#TRPBF,8
LTC2858HMS-1#PBF,10
LTC2858HMS-2#PBF,10
LTC2858HMS-2#TRPBF,10
LTC2858IMS-2#PBF,10
LTC2858IMS-2#TRPBF,10
LTC2900-1IMS#PBF,10
LTC2900-1IMS#TR,10
LTC2900-1IMS#TRPBF,10
LTC2900-2CMS#TRPBF,10
LTC2913IMS-1#PBF,10
LTC2917HMS-A1#TRA1PBF,10
LTC2917HMS-B1#TRMPBF,10
LTC2917HMS-B1#TRPBF,10
LTC2918HMS-A1#TRPBF,10
LTC2918HMS-B1#2LCPBF,10
LTC2918IMS-B1#PBF,10
LTC2919IMS-3^3#TRPBF,10
LTC2941CMS8E#TRPBF,8
LTC2941IMS8E#TRPBF,8
LTC2945IMS-1#PBF,12
LTC2945IMS-1#TRPBF,12
LTC2990IMS#TRPBF,10
LTC2991CMS#TRPBF,16
LTC2991IMS#TRMPBF,16
LTC3103EMSE#TRPBF,10
LTC3200EMS8#TRPBF,8
LTC3255EMSE#PBF,10
LTC3255IMSE#TRPBF,10
LTC3401EMS#PBF,10
LTC3402EMS#TRPBF,10
LTC3404EMS8#TRMPBF,8
LTC3404MPMS8#TRPBF,8
LTC3407AEMSE-2#2KUPBF,10
LTC3407AIMSE-2#PBF,10
LTC3419EMS#PBF,10
LTC3530EMS#TRPBF,10
LTC3532EMS#PBF,10
LTC3548EMSE#TRPBF,10
LTC3601IMSE#TRPBF,16
LTC3604IMSE#TRPBF,16
LTC3638IMSE#TRA1PBF,12
LTC3639EMSE#PBF,12
LTC3639IMSE#PBF,12
LTC3805EMSE#PBF,10
LTC3805IMSE#TRPBF,10
LTC3805IMSE-5#PBF,10
LTC3805IMSE-5#TRPBF,10
LTC3805MPMSE#PBF,10
LTC3805MPMSE#TRPBF,10
LTC3851AEMSE-1#2KUPBF,16
LTC3851AIMSE-1#PBF,16
LTC3851AIMSE-1#TRPBF,16
LTC3854IMSE#3JEPBF,12
LTC4150CMS#PBF,10
LTC4150IMS#PBF,10
LTC4151CMS#TRPBF,10
LTC4151IMS-1#TRPBF,10
LTC4211CMS#TRPBF,10
LTC4211CMS8#TRPBF,8
LTC4211IMS#TRPBF,10
LTC4211IMS8#TRPBF,8
LTC4303CMS8#PBF,8
LTC4303CMS8#TRPBF,8
LTC4303IMS8#PBF,8
LTC4303IMS8#TRPBF,8
LTC4304CMS#PBF,10
LTC4367CMS8-1#PBF,8
LTC4367CMS8-1#TRPBF,8
LTC4367IMS8#PBF,8
LTC4367IMS8-1#PBF,8
LTC4368HMS-1#TRPBF,10
LTC4368HMS-2#WPBF,10
LTC4368HMS-2#WTRPBF,10
LTC4368IMS-2#PBF,10
LTC4380HMS-3#WTRPBF,10
LTC4380IMS-1#PBF,10
LTC4380IMS-4#TRPBF,10
LTC4425EMSE#PBF,12
LTC4425IMSE#TRPBF,12
LTC4440EMS8E-5#TRPBF,8
LTC6078ACMS8#PBF,8
LTC6078HMS8#TRPBF,8
LTC6084HMS8#PBF,8
LTC6087CMS8#TRPBF,8
LTC6087HMS8#PBF,8
LTC6101ACMS8#PBF,8
LTC6101AHMS8#TRPBF,8
LTC6101AIMS8#PBF,8
LTC6101AIMS8#TRPBF,8
LTC6101HVACMS8#TRPBF,8
LTC6101HVAHMS8#PBF,8
LTC6102CMS8#TRPBF,8
LTC6102HVCMS8#TRPBF,8
LTC6102HVIMS8#PBF,8
LTC6102IMS8-1#TRPBF,8
LTC6244CMS8#PBF,8
LTC6244CMS8#TRPBF,8
LTC6244HMS8#PBF,8
LTC6244HVCMS8#PBF,8
LTC6244HVCMS8#TRPBF,8
LTC6244HVIMS8#PBF,8
LTC6244HVIMS8#TRPBF,8
LTC6244IMS8#PBF,8
LTC6244IMS8#TRPBF,8
LTC6247CMS8#PBF,8
LTC6247CMS8#TRPBF,8
LTC6247IMS8#PBF,8
LTC6247IMS8#TRPBF,8
LTC6248HMS#TRPBF,16
LTC6253CMS#PBF,10
LTC6253CMS#TRPBF,10
LTC6253HMS8#TRPBF,8
LTC6253IMS#TRPBF,10
LTC6253IMS8#PBF,8
LTC6254CMS#PBF,16
LTC6254HMS#TRPBF,16
LTC6269IMS8E#PBF,8
LTC6269IMS8E#TRPBF,8
LTC6363HMS8-0^5#TRPBF,8
LTC6363HMS8-2#TRPBF,8
LTC6363IMS8-0^5#PBF,8
LTC6363IMS8-0^5#TRPBF,8
LTC6363IMS8-1#PBF,8
LTC6363IMS8-1#TRPBF,8
LTC6405CMS8E#TRPBF,8
LTC6406CMS8E#TRPBF,8
LTC6800HMS8#PBF,8
LTC6800HMS8#TRPBF,8
LTC6820HMS#PBF,16
LTC6820HMS#TRPBF,16
LTC6820IMS#3ZZTRPBF,16
LTC6911IMS-2#PBF,10
LTC6911IMS-2#TRPBF,10
LTC7060EMSE#PBF,12
LTC7060EMSE#TRPBF,12
LTC7060HMSE#PBF,12
LTC7060IMSE#PBF,12
LTC7060IMSE#TRPBF,12
LTC7060JMSE#PBF,12
LTC7060JMSE#TRPBF,12
OP2177ARMZ-REEL,8
OP282ARMZ-REEL,8
OP777ARMZ,8
SBA4522-1ARMZ-RL,8
SSM2167-1RMZ-REEL,10
SSM2305RMZ-R2,8
SSM2305RMZ-REEL,8
AD5161BRMZ100,10
AD5161BRMZ100-RL7,10
AD5161BRMZ5,10
ADBMS6817WCSWZ-RL,48
ADBT1002BSWZ-RL,100
ADRF8800WASWZ-U1,48
LTC2949HLXE#3OYPBF,48
LTC6812ILWE-1#3ZZPBF,64
LTC6812ILWE-1#3ZZTRPBF,64
LTC6813HLWE-1#3ZZPBF,64
AD11/2065Z-0,64
AD70/040Z-0RL7,48
AD7280ABSTZ-RL,48
AD7280AWBSTZ-RL,48
AD7657BSTZ-REEL,64
AD7658BSTZ-1-RL,64
AD7658BSTZ-REEL,64
AD7761BSTZ,64
AD7768-4BSTZ-RL,64
AD7768-4BSTZ-RL7,64
AD80257BSTZRL-40,48
AD8197ASTZ,100
AD9218BSTZ-RL40,48
AD9218SSTZ-105EPRL,48
AD9248BSTZ-20,64
AD9248BSTZ-65,64
AD9883ABSTZ-110,80
AD9883AKSTZ-140,80
AD9983AKSTZ-140,80
AD9985AKSTZ-110,80
ADF7030-1BSTZN,48
ADM1068ASTZ-REEL7,32
ADUC7025BSTZ62,64
ADUC7027BSTZ62,80
ADUC7027BSTZ62I,80
ADUC7033BSTZ-88-RL,48
ADUC7126BSTZ126,80
ADUC7126BSTZ126-RL,80
ADV7511KSTZ,100
ADV7511KSTZ-P,100
LT8609SEV#PBF,16
LT8609SIV#PBF,16
LT8640SEV#PBF,24
LT8640SHV-2#3ZZPBF,24
LT8640SIV#PBF,24
LT8640SIV-2#3MOPBF,24
LT8643SHV-2#PBF,24
LT8643SHV-2#WPBF,24
LT8643SIV#PBF,24
LT8643SIV-2#PBF,24
LT8645SIV#WPBF,32
LT8650SHV-1#PBF,32
LTC3307AEV#TRMPBF,12
LTC3307AHV#WTRPBF,12
LTC3307AIV#TRMPBF,12
LTC3307AIV#TRPBF,12
LTC3309AIV#TRMPBF,12
LTC3315AHV#TRPBF,12
LTC3315AJV#WTRPBF,12
ADXRS295BCEZ-RL7,18
ADL5580BCCZ-R7,20
ADL6317ACCZ-R7,38
ADMV1013ACCZ,40
ADMV1013ACCZ-R7,40
ADMV8913SCCZ-EP,30
ADP1071-1ACCZ-R7,24
ADP1071-2ACCZ-R7,24
ADP5140WFSACCZ-RL,56
ADRF5020BCCZN-R7,20
ADRF5021BCCZN,20
ADRF5025BCCZN-R7,12
ADRF5043BCCZN-R7,24
ADRF5044BCCZN-R7,24
ADRF5045BCCZN-R7,24
ADRF5731BCCZN-R7,16
ADRF5740BCCZN-R7,16
ADRF5920BCCZN-R7,20
ADRF5944BCCZN-R7,24
ADRF5945BCCZN-R7,24
ADRF5980BCCZN-R7,24
ADTR1107ACCZ-R7,24
ADUM7223ACCZ-R7KL1,13
ADXLA360BCCZ,16
ADXLA360BCCZ-RL7,16
LT8642EV-2#PBF,24
LT8650SPAJV#WPBF,32
SBUM7223ACCZ-RL7,13
SBXL362BCCZ-MI-RL7,16
AD22365Z-1-RL7,18
ADXL316WBCSZ,12
ADXL316WBCSZ-RL7,12
SBXL151BCSC-A1WZ,12
AD11/2077Z-0RL7,32
AD4001BCPZ-RL7,10
AD4008BCPZ-RL7,10
AD4011BCPZ-R2,10
AD4011BCPZ-RL7,10
AD4111BCPZ-RL7,40
AD4114BCPZ-RL7,40
AD4115BCPZ-RL7,40
AD45208Z-RL,48
AD45230-R7,16
AD45237-RL,24
AD45238-R7,16
AD45270-R7,48
AD45271-R7,48
AD45318-R7,8
AD45325,16
AD4680BCPZ-RL7,16
AD5405YCPZ-REEL7,40
AD5422ACPZ-REEL7,40
AD5422BCPZ-REEL7,40
AD5453WBCPZ-RL,8
AD5623RBCPZ-3R2,10
AD5624RBCPZ-3R2,10
AD5624RBCPZ-5R2,10
AD5625RBCPZ-R2,10
AD5664BCPZ-R2,10
AD5664RBCPZ-3R2,10
AD5667RBCPZ-R2,10
AD5671RBCPZ-REEL7,20
AD5672RBCPZ-REEL7,20
AD5675BCPZ-REEL7,20
AD5676ACPZ-REEL7,20
AD5676RACPZ-REEL7,20
AD57/008Z-0RL7,24
AD5760ACPZ-REEL7,24
AD5760BCPZ-REEL7,24
AD5943WBCPZ-RL7,48
AD70/022Z-0RL,88
AD70/026Z-0RL7,32
AD70/061Z-0RL7,32
AD70/066Z-0RL7,28
AD7091R-5BCPZ-RL7,20
AD7091R-8BCPZ,24
AD7091RBCPZ-RL7,10
AD7142ACPZ-1500RL7,32
AD7142ACPZ-500RL7,32
AD7166ACPZ-RL7,48
AD7262BCPZ-RL7,48
AD7386BCPZ-RL7,16
AD7387BCPZ-RL7,16
AD7388BCPZ-RL7,16
AD7626BCPZ,32
AD7699BCPZ,20
AD7768-1BCPZ-RL7,28
AD7770ACPZ-RL,64
AD7771BCPZ-RL,64
AD7779ACPZ-RL,64
AD7879WACPZ-R5,16
AD7949BCPZRL7,20
AD7949SCPZ-EP-R2,20
AD7960BCPZ-RL7,32
AD7961BCPZ-RL7,32
AD7980BCPZ-R2,10
AD80/010Z-0RL7,64
AD80/019Z-0RL7,32
AD8000YCPZ-REEL,8
AD8003ACPZ-REEL7,24
AD8045ACPZ-REEL7,8
AD8099ACPZ-REEL,8
AD8099ACPZ-REEL7,8
AD8120ACPZ-R7,32
AD8128ACPZ-R7,8
AD8133ACPZ-REEL7,24
AD8134ACPZ-R2,24
AD8134ACPZ-REEL7,24
AD8139ACPZ-REEL7,8
AD8143ACPZ-REEL7,32
AD8146ACPZ-R7,24
AD8147ACPZ-R7,24
AD8148ACPZ-R7,24
AD8155ACPZ-R7KL1,64
AD8192ACPZKL1,56
AD8222BCPZ-R7,16
AD8224BCPZ-R7,16
AD8231ACPZ-RL,16
AD8231WACPZ-RL,16
AD8232ACPZ-WP,20
AD8260ACPZ-R7,32
AD8270ACPZ-R7,16
AD8285WBCPZ-RL,72
AD8295BCPZ-R7,16
AD8315ACPZ-REEL7,8
AD8317ACPZ-WP,8
AD8318ACPZ-R2,16
AD8318ACPZ-REEL7,16
AD8318SCPZ-EP-RL7,16
AD8319ACPZ-R2,8
AD8319ACPZ-R7,8
AD8330ACPZ-R7,16
AD8330ACPZ-RL,16
AD8332ACPZ-R7,32
AD8337BCPZ-REEL,8
AD8340ACPZ-REEL7,24
AD8341ACPZ-REEL7,24
AD8342ACPZ-R2,16
AD8351ACPZ-R7,16
AD8352ACPZ-R2,16
AD8352ACPZ-R7,16
AD8353ACPZ-REEL7,8
AD8354ACPZ-REEL7,8
AD8363ACPZ-R2,16
AD8363ACPZ-R7,16
AD8364ACPZ-R2,32
AD8364ACPZ-REEL7,32
AD8366ACPZ-R7,32
AD8375ACPZ-R7,24
AD8390AACPZ-R7,16
AD8398AACPZ-R7,16
AD8426ACPZ-R7,16
AD8426BCPZ-WP,16
AD8432ACPZ-R7,24
AD8436JCPZ-R7,20
AD8465WBCPZ-R7,12
AD8465WBCPZ-WP,12
AD8476ACPZ-R7,16
AD8476BCPZ-R7,16
AD85550002CPZR7,16
AD8555ACPZ-REEL7,16
AD8556ACPZ-R2,16
AD8556ACPZ-REEL7,16
AD8557ACPZ-REEL7,16
AD8567ACPZ-REEL7,16
AD8597ACPZ-REEL7,8
AD8624ACPZ-R2,16
AD8643ACPZ-REEL7,16
AD8661ACPZ-REEL7,8
AD89029BCPZR-500-KLZ1,72
AD9122BCPZRLKL2,72
AD9204BCPZRL7-40,64
AD9204BCPZRL7-65,64
AD9204BCPZRL7-80,64
AD9216BCPZRL7-65,64
AD9228ABCPZ-40,48
AD9231BCPZRL7-40,64
AD9233BCPZRL7-125KL1,48
AD9235BCPZRL7-20,32
AD9235BCPZRL7-40,32
AD9245BCPZRL7-20,32
AD9245BCPZRL7-40,32
AD9245BCPZRL7-80,32
AD9246BCPZRL7-80,48
AD9251BCPZ-80,64
AD9251BCPZRL7-40,64
AD9251BCPZRL7-65,64
AD9251BCPZRL7-80,64
AD9255BCPZRL7-105,48
AD9255BCPZRL7-80,48
AD9258BCPC-A080Z,64
AD9259ABCPZ-50,48
AD9265BCPZ-105,48
AD9269BCPZ-20,64
AD9389BBCPZ-165-RL,64
AD9434BCPZRL7-500KL1,56
AD9462BCPZRL7-125,72
AD9571ACPZLVD,40
AD9571ACPZPEC-R7,40
AD9629BCPZRL7-40,32
AD9629BCPZRL7-65,32
AD9633BCPZRL7-105,48
AD9640ABCPZRL7-125,64
AD9648BCPZRL7-105,64
AD9649BCPZRL7-20,32
AD9650BCPZRL7-25,64
AD9665ACPZ-REEL7,32
AD9690BCPZRL7-500,64
AD9695BCPZRL7-1300,64
ADA4004-4ACPZ-RL,16
ADA4051-2ACPZ-R7,8
ADA4091-2ACPZ-RL,8
ADA4091-4ACPZ-R7,16
ADA4254ACPZ-R7,28
ADA4304-3ACPZ-R7,16
ADA4304-4ACPZ-R7,16
ADA4310-1ACPZ-R7,16
ADA4410-6ACPZ-R7,32
ADA4528-1ACPZ-R2,8
ADA4557WHCPZ-R7,16
ADA4610-4ACPZ-R7,16
ADA4622-4ACPZ-R7,16
ADA4691-4ACPZ-R2,16
ADA4805-2ACPZ-R2,10
ADA4807-2ACPZ-R2,10
ADA4817-1ACPZ-RL,8
ADA4817-2ACPZ-R7,16
ADA4830-1WBCPZ-R7,8
ADA4830-2WBCPZ-R7,16
ADA4841-2YCPZ-R7,8
ADA4853-2YCPZ-RL7,16
ADA4855-3YCPZ-RL,16
ADA4857-1YCPZ-R7,8
ADA4857-2YCPZ-R7,16
ADA4857-2YCPZ-RL,16
ADA4858-3ACPZ-R7,16
ADA4859-3ACPZ-R7,16
ADA4896-2ACPZ-R2,8
ADA4896-2ACPZ-R7,8
ADA4899-1YCPZ-R7,8
ADA4922-1ACPZ-RL7,8
ADA4927-1YCPZ-R2,16
ADA4930-1YCPZ-R7,16
ADA4930-2YCPZ-R7,24
ADA4932-1YCPZ-R2,16
ADA4932-2YCPZ-R2,24
ADA4937-1YCPZ-R7,16
ADA4937-2YCPZ-R7,24
ADA4938-1ACPZ-R7,16
ADA4938-2ACPZ-R7,24
ADA4940-1ACPZ-RL,16
ADA4940-2ACPZ-R7,24
ADA4941-1YCPZ-R2,8
ADA4941-1YCPZ-R7,8
ADA4941-1YCPZ-RL,8
ADA4945-1ACPZ-R7,16
ADA4950-2YCPZ-R7,24
ADA4960-1ACPZ-R2,16
ADAS3023BCPZ-RL7,40
ADAU7118ACPZRL,16
ADAU7118ACPZRL7,16
ADCLK905BCPZ-R2,16
ADCLK905BCPZ-R7,16
ADCLK925BCPZ-R2,16
ADCLK944BCPZ-R2,16
ADCMP572BCPZ-R2,16
ADCMP580BCPZ-RL7,16
ADCMP603BCPZ-R7,12
ADCMP605BCPZ-R7,12
ADF4150BCPZ-RL7,24
ADF4150HVBCPZ-RL7,32
ADF41513BCPZ-RL7,24
ADF4155BCPZ-RL7,24
ADF4158CCPZ,24
ADF4158CCPZ-RL7,24
ADF4193WCCPZ-RL7,32
ADF4252BCPZ,24
ADF4360-0BCPZRL7,24
ADF4360-4BCPZRL7,24
ADF5001BCPZ,16
ADF5356BCPZ-RL7,32
ADF5703BCPZ-R7,32
ADF7021BCPZ,48
ADF7021BCPZ-RL,48
ADF7021BCPZ-RL7,48
ADF7021-NBCPZ-RL,48
ADF7021-NBCPZ-RL7,48
ADF7023-JBCPZ-RL,32
ADF7030-1BCPZN-RL,40
ADG1204YCPZ-REEL7,12
ADG1208YCPZ-REEL,16
ADG1208YCPZ-REEL7,16
ADG1209YCPZ-REEL7,16
ADG1211YCPZ-500RL7,16
ADG1211YCPZ-REEL7,16
ADG1212YCPZ-REEL7,16
ADG1233YCPZ-REEL7,16
ADG1236YCPZ-REEL7,12
ADG1407BCPZ-REEL7,32
ADG1408YCPZ-R7KL3,16
ADG1408YCPZ-REEL7,16
ADG1409YCPZ-R7KL1,16
ADG1411WBCPZ-REEL,16
ADG1411YCPZ-REEL7,16
ADG1412YCPZ-R7KL3,16
ADG1414BCPZ-REEL7,24
ADG1433YCPZ-REEL7,16
ADG1434YCPZ-REEL,20
ADG1434YCPZ-REEL7,20
ADG1436YCPZ-REEL,16
ADG1604BCPZ-REEL7,16
ADG1613BCPZ-REEL7,16
ADG1634BCPZ-REEL7,20
ADG1636BCPZ-REEL,16
ADG1636BCPZ-REEL7,16
ADG2128BCPZ-HS-RL7,32
ADG2188BCPZ-REEL7,32
ADG3245BCPZ,20
ADG3304BCPZ-REEL7,20
ADG5209FBCPZ-RL7,16
ADG658YCPZ-REEL7,16
ADG758BCPZ,20
ADG758BCPZ-REEL7,20
ADG759BCPZ-REEL7,20
ADG772BCPZ-1REEL,12
ADG774ABCPZ-REEL,16
ADG781BCPZ-REEL7,20
ADG783BCPZ,20
ADG811YCPZ-REEL7,16
ADG836YCPZ-REEL7,12
ADG904BCPZ,20
ADG918BCPZ-REEL7,8
ADG919BCPZ-REEL7,8
ADGS1412BCPZ-RL7,24
ADGS1612BCPZ-RL7,24
ADIN1200BCP32Z,32
ADIN1200BCP32Z-R7,32
ADIN1300BCPZ-R7,40
ADL5201ACPZ-R7,24
ADL5202ACPZ-R7,40
ADL5206ACPZ,20
ADL5240ACPZ-R7,32
ADL5303ACPZ-R2,16
ADL5303ACPZ-R7,16
ADL5304ACPZ-R2,32
ADL5310ACPZ-REEL7,24
ADL5315ACPZ-R2,8
ADL5315ACPZ-R7,8
ADL5330ACPZ-R2,24
ADL5330ACPZ-REEL7,24
ADL5331ACPZ-R7,24
ADL5350ACPZ-R7,8
ADL5355ACPZ-R7,20
ADL5358ACPZ-R7,36
ADL5372ACPZ-R2,24
ADL5375-05ACPZ-R2,24
ADL5375-15ACPZ-R7,24
ADL5382ACPZ-R7,24
ADL5385ACPZ-R7,24
ADL5387ACPZ-R7,24
ADL5387ACPZ-WP,24
ADL5390ACPZ-REEL7,24
ADL5391ACPZ-R2,16
ADL5511ACPZ-R7,16
ADL5513ACPZ-R2,16
ADL5519ACPZ-R2,32
ADL5530ACPZ-R7,8
ADL5534ACPZ-R7,16
ADL5541ACPZ-R7,8
ADL5542ACPZ-R7,8
ADL5561ACPZ-R7,16
ADL5566ACPZ-R7,24
ADL5590ACPZ-R7,36
ADL5723ACPC-A0NZ,8
ADL5802ACPZ-R7,24
ADL5811ACPZ-R7,32
ADL5902ACPZ-R7,16
ADL5903ACPZN-R7,8
ADL5906ACPZN-R7,16
ADM1069ACPZ-REEL,40
ADM1266ACPZ-R7,64
ADM1270ACPZ-R2,16
ADM3066EACPZ-R7,10
ADM3066EBCPZ,10
ADM3066EBCPZ-R7,10
ADM3101EACPZ-250R7,12
ADM3101EACPZ-REEL,12
ADM4850ACPZ-REEL7,8
ADM4853ACPZ-REEL7,8
ADM7150ACPZ-4^5-R2,8
ADM7150ACPZ-5^0-R2,8
ADM7151ACPZ-04-R2,8
ADM7171ACPZ-R2,8
ADM7172ACPZ-R2,8
ADM8843ACPZ-REEL7,16
ADMV4420ACPZ-RL7,32
ADMV8432ACPZ,40
ADN2812ACPZ,32
ADN2814ACPZ-500RL7,32
ADN2817ACPZ-RL7,32
ADN2891ACPZ-500RL7,16
ADN2891ACPZ-RL,16
ADN2891ACPZ-RL7,16
ADN8102ACPZ,64
ADN8810ACPZ-REEL7,24
ADN8830ACPZ-REEL7,32
ADN8831ACPZ-R2,32
ADN8833ACPZ-R2,24
ADN8835ACPZ-R7,36
ADP1031ACPZ-1-R7,41
ADP1031ACPZ-4-R7,41
ADP1032ACPZ-3-R7,41
ADP1032ACPZ-4-R7,41
ADP1043AACPZ-R7,32
ADP1706ACPZ-1^05R7,8
ADP1706ACPZ-1^2-R7,8
ADP1706ACPZ-3^3-R7,8
ADP1707ACPZ-3^3-R7,8
ADP1708ACPZ-R7,8
ADP1740ACPZ-0^75R7,16
ADP1740ACPZ-1^1-R7,16
ADP1740ACPZ-1^2-R7,16
ADP1740ACPZ-1^3-R7,16
ADP1740ACPZ-1^8-R7,16
ADP1752ACPZ-1^0-R7,16
ADP1752ACPZ-1^1-R7,16
ADP1752ACPZ-1^25R7,16
ADP1752ACPZ-1^8-R7,16
ADP1754ACPZ-1^3-R7,16
ADP1823ACPZ-R7,32
ADP1829ACPZ-R7,32
ADP2102YCPZ-1^37R7,8
ADP2105ACPZ-3^3-R7,16
ADP2107ACPZ-1^8-R7,16
ADP2114ACPZ-R7,32
ADP2118ACPZ-3^3-R7,16
ADP2360ACPZ-3^3-R7,8
ADP2360ACPZ-5^0-R7,8
ADP2360ACPZ-R7,8
ADP2370ACPZ-R2,8
ADP2443ACPZN-R7,24
ADP3335ACPZ-1^8-R7,8
ADP3335ACPZ-2^5-R7,8
ADP3335ACPZ-3^3-R7,8
ADP3335ACPZ-5-R7,8
ADP5003ACPZ-R7,32
ADP5014ACPZ-R7,40
ADP5023ACPZ-R2,24
ADP5024ACPZ-R2,24
ADP5034ACPZ-R2,24
ADP5139WACPZ-4-R7,28
ADP5350ACPZ-1-R7,32
ADP5520ACPZ-R7,24
ADP8861ACPZ-R7,20
ADP8863ACPZ-R7,20
ADRF5160BCPZ-R7,32
ADRF5539BCPZN-R7,20
ADRF5545BCPZN-R7KL1,40
ADRF5549BCPZN-R7,40
ADRF5549BCPZN-RL,40
ADRF6520ACPZ-R7,32
ADRF6602ACPZ-R7,40
ADRF6612ACPZ-R7,48
ADRF6655ACPZ-R7,40
ADRF6703ACPZ-R7,40
ADRF6750ACPZ-R7,56
ADRF6755ACPZ,56
ADRF6780ACPZN-R2,32
ADRF6780ACPZN-R7,32
ADRF6791ACPZ-R7,48
ADRF6820ACPZ-R7,40
ADT7320UCPZ-R2,16
ADT7408CCPZ-REEL7,8
ADT7420UCPZ-R2,16
ADT7420UCPZ-RL7,16
ADUC7021BCPZ32,40
ADUC7021BCPZ62I-RL,40
ADUC7021BCPZ62-RL7,40
ADUC7022BCPZ32-RL,40
ADUC7022BCPZ62-RL7,40
ADUC7023BCP6Z62IR7,40
ADUC7024BCPZ62-RL7,64
ADUC7036BCPZ-RL,48
ADUC7036CCPZ-RL,48
ADUC7039WBCPZ-RL,32
ADUC7060BCPZ32-RL,48
ADUC7229BCPZ126-RL,64
ADUCM331WACPZ-RL,32
ADUCM341WFSBCPZ-RL,32
ADUCM362BCPZ128RL7,48
ADUCM363BCPZ128,48
ADUCM363BCPZ256RL7,48
ADUCRF101BCPZ128R7,64
ADV3219ACPZ,8
ADV7383WBCPZ,48
ADV7992WBCPZ-1-RL,32
ADW60050HCPZ-RL,20
ADW60055HCPZ-R7,20
ADXL1001BCPZ-RL7,32
ADXL1002BCPZ-RL7,32
ADXL1003BCPZ-RL7,32
ADXL180WCPZA-RL,16
ADXL326BCPZ-RL,16
ADXL335BCPZ,16
ADXL335BCPZ-RL7,16
HMC1040LP3CETR,16
HMC1056LP4BETR,20
HMC1094LP3ETR,16
HMC1118LP3DETR,16
HMC1119ACPC-A0Z,24
HMC1162LP5ETR,32
HMC322ALP4ETR,24
HMC3410LP4ETR,24
HMC3411LP4ETR,24
HMC3716LP4E,24
HMC3716LP4ETR,24
HMC382LP3ETR,16
HMC424ALP3ETR,16
HMC427ALP3ETR,16
HMC470ALP3ETR,16
HMC509LP5ETR,32
HMC510LP5ETR,32
HMC515LP5ETR,32
HMC530LP5ETR,32
HMC531PLP5ETR,32
HMC532LP4ETR,24
HMC533LP4ETR,24
HMC561LP3ETR,16
HMC583LP5,32
HMC583LP5ETR,32
HMC584PLP5ETR,32
HMC6160LP5ETR,32
HMC6161LP5ETR,32
HMC632LP5ETR,32
HMC6405ALP5ETR,32
HMC6406ALP5ETR,32
HMC6587PLP5ETR,32
HMC6832ALP5LETR,28
HMC701LP6CETR,40
HMC7044LP10BETR,68
HMC704LP4ETR,24
HMC7108PLP5ETR,32
HMC7109PLP5ETR,32
HMC7110PLP5ETR,32
HMC720LP3ETR,16
HMC7357LP5GETR,24
HMC735LP5ETR,32
HMC753LP4ETR,24
HMC7583LP5ETR,32
HMC7911LP5ETR,32
HMC7992LP3DETR,16
HMC832LP6GETR,40
HMC833LP6GETR,40
HMC835LP6GETR,40
HMC8364LP6GETR,40
HMC900LP5ETR,32
HMC960LP4ETR,24
HMC966LP4ETR,24
HMC967LP4ETR,24
HMC983LP5ETR,32
HMC985ALP4KETR,24
HMC987LP5ETR,32
HMC988LP3ETR,16
HMCAD1511TR,48
HMCAD1520TR,48
HMCAD8284TR,48
LTC2959-ENG,10
SBC899LP4ETR,24
SSM2211CPZ-REEL,8
SSM2211CPZ-REEL7,8
SSM2306CPZ-R2,16
SSM2306CPZ-REEL7,16
SSM2604CPZ-REEL,20
SSM2604CPZ-REEL7,20
SSM3582BCPZR7,40
SSM3582BCPZRL,40
AD4008BCPZ-R2,10
AD45245ACPZN-R7,32
AD45260-R7,8
AD45295ACPZN-R7,48
5962-87719012A,20
5962-89710013X,28
5962-9096201MXA,44
AD22293Z-RL7,8
AD2S80ATE,44
AD630SE/883B,20
ADL6010AEKU-T000,16
ADR4550DEZ,8
ADXL354BEZ-RL7,14
ADXL354CEZ-RL7,14
ADXL356CEZ-RL7,14
HMC1061LC5TR,32
HMC1084LC4TR-R5,24
HMC392ALC4TR-R5,24
HMC564LC4TR-R5,24
HMC608LC4TR-R5,24
HMC635LC4TR,24
HMC6505ALC5TR,32
HMC6787ALC5ATR,16
HMC745LC3TR,16
HMC7826ALC5ATR,16
HMC7827LC5ATR-R5,16
HMC787ALC3BTR,12
HMC787ALC3BTR-R5,12
HMC798ALC4,24
HMC798ALC4TR,24
HMC962LC4TR,24
OP400ATEEU-T0903,28
SBC129LC4TR-R5,24
AD22037Z-IMU-RL7,8
AD22293Z-IMU-RL7,8
5962R1921501VXA,14
AD590MF,2
ADA4610AXFEU-T0GD,10
ADG798HFRZ,16
ADUM141E1L703F,16
QEAD9731_713F-MIC6S,28
RH6105XFEU-TNGD,10
LT1396CDD#PBF,8
LT1396CDD#TRPBF,8
LT1468ACDD#TRPBF,8
LT1490AIDD#PBF,8
LT1618EDD#PBF,10
LT1638CDD#PBF,8
LT1638CDD#TRPBF,8
LT1638IDD#TRPBF,8
LT1720CDD#PBF,8
LT1720CDD#TRPBF,8
LT1763CDE-2^5#PBF,12
LT1763CDE-3^3#TRPBF,12
LT1763CDE-3^3#TRPBFKL1,12
LT1763IDE-3^3#TRPBF,12
LT1763IDE-5#TRPBF,12
LT1763MPDE#TRPBF,12
LT1763MPDE-2^5#TRPBF,12
LT1763MPDE-3^3#TRPBF,12
LT1804CDD#TRPBF,8
LT1804IDD#TRPBF,8
LT1913EDD#TRPBF,10
LT1933IDCB#TRMPBF,6
LT1938EDD#PBF,10
LT1938EDD#TRPBF,10
LT1964EDD#TRPBF,8
LT1965EDD-1^8#TRPBF,8
LT1965EDD-2^5#PBF,8
LT1965EDD-2^5#TRPBF,8
LT1965EDD-3^3#TRPBF,8
LT1965IDD#TRPBF,8
LT1965IDD-1^5#PBF,8
LT1965IDD-1^8#TRPBF,8
LT1965IDD-2^5#TRPBF,8
LT1991ACDD#PBF,10
LT1991ACDD#TRPBF,10
LT1991CDD#TRPBF,10
LT1991IDD#PBF-G1DG,10
LT1994HDD#PBF,8
LT3008EDC#TRMPBF,6
LT3008EDC-3^3#TRPBF,6
LT3008EDC-5#TRPBF,6
LT3008IDC#TRPBF,6
LT3008IDC-2^5#TRMPBF,6
LT3008IDC-2^5#TRPBF,6
LT3008IDC-3^3#TRMPBF,6
LT3008IDC-3^3#TRPBF,6
LT3008IDC-5#TRPBF,6
LT3009EDC#TRMPBF,6
LT3009EDC#TRPBF,6
LT3009EDC-3^3#TRMPBF,6
LT3009EDC-3^3#TRPBF,6
LT3009IDC-5#TRPBF,6
LT3011EDD#PBF,10
LT3011EDD#TRPBF,10
LT3012BEDE#TRPBF,12
LT3012EDE#TRPBF,12
LT3013EDE#TRPBF,12
LT3014BHVIDD#PBF,8
LT3014BHVIDD#TRPBF,8
LT3014EDD#PBF,8
LT3014EDD#TRPBF,8
LT3014IDD#TRPBF,8
LT3020EDD-1^2#PBF,8
LT3020EDD-1^2#TRPBF,8
LT3020IDD-1^2#TRPBF,8
LT3023EDD#TRPBF,10
LT3027EDD#PBF,10
LT3027IDD#TRPBF,10
LT3028EDHC#PBF,16
LT3032EDE-12#PBF,14
LT3032EDE-15#PBF,14
LT3032EDE-3^3#TRPBF,14
LT3032IDE#PBF,14
LT3032IDE#TRPBF,14
LT3032IDE-12#PBF,14
LT3032IDE-12#TRPBF,14
LT3032IDE-15#PBF,14
LT3032MPDE-5#PBF,14
LT3065EDD-1^8#PBF,10
LT3065EDD-2^5#PBF,10
LT3065EDD-2^5#TRPBF,10
LT3065EDD-3^3#PBF,10
LT3065EDD-3^3#TRPBF,10
LT3065EDD-5#PBF,10
LT3065EDD-5#TRPBF,10
LT3065HDD#TRPBF,10
LT3065HDD-1^2#PBF,10
LT3065HDD-1^2#TRPBF,10
LT3065IDD#PBF,10
LT3065IDD-3^3#PBF,10
LT3065IDD-3^3#TRPBF,10
LT3065IDD-5#PBF,10
LT3065IDD-5#TRPBF,10
LT3065MPDD#PBF,10
LT3065MPDD-5#PBF,10
LT3065MPDD-5#TRPBF,10
LT3066EDE-3^3#PBF,12
LT3080EDD#TRMPBF,8
LT3080EDD-1#TRPBF,8
LT3080IDD#PBF,8
LT3080IDD#TRPBF,8
LT3080IDD-1#TRPBF,8
LT3085EDCB#TRMPBF,6
LT3085EDCB#TRPBF,6
LT3085IDCB#TRPBF,6
LT3092EDD#PBF,8
LT3092IDD#TRPBF,8
LT3420EDD#TRPBF,10
LT3466EDD#PBF,10
LT3466EDD#TRPBF,10
LT3466EDD-1#TRPBF,10
LT3467AEDDB#TRPBF,8
LT3467AIDDB#TRMPBF,8
LT3467EDDB#TRMPBF,8
LT3467IDDB#TRPBF,8
LT3472EDD#PBF,10
LT3473EDD#TRPBF,8
LT3480IDD#PBF,10
LT3481HDD#PBF,10
LT3493EDCB#TRMPBF,6
LT3493EDCB-3#TRMPBF,6
LT3493EDCB-3#TRPBF,6
LT3493IDCB#TRMPBF,6
LT3493IDCB#TRPBF,6
LT3494AEDDB#TRMPBF,8
LT3494AEDDB#TRPBF,8
LT3494EDDB#TRPBF,8
LT3495BEDDB#TRMPBF,10
LT3495BEDDB#TRPBF,10
LT3495BEDDB-1#TRMPBF,10
LT3495BEDDB-1#TRPBF,10
LT3495EDDB#TRPBF,10
LT3502IDC#TRPBF,8
LT3503EDCB#TRMPBF,6
LT3503EDCB#TRPBF,6
LT3505EDD#PBF,8
LT3580EDD#TRPBF,8
LT3580IDD#PBF,8
LT3580IDD#TRPBF,8
LT3581HDE#3ZZPBF,14
LT3680IDD#PBF,10
LT3682IDD#TRPBF,12
LT3684EDD#TRPBF,10
LT3685EDD#TRPBF,10
LT3685IDD#TRPBF,10
LT3693EDD#TRPBF,10
LT3693IDD#PBF,10
LT3693IDD#TRMPBF,10
LT3693IDD#TRPBF,10
LT3757AEDD#TRPBF,10
LT3757EDD#TRPBF,10
LT3757IDD#TRPBF,10
LT3758AEDD#PBF,10
LT3758EDD#TRPBF,10
LT3758IDD#PBF,10
LT3972EDD#TRPBF,10
LT3972IDD#PBF,10
LT3972IDD#TRPBF,10
LT4356CDE-1#TRPBF,12
LT4356HDE-2#PBF,12
LT4356HDE-3#PBF,12
LT4356HDE-3#TRPBF,12
LT4356IDE-1#TRPBF,12
LT4356IDE-3#PBF,12
LT4363CDE-1#PBF,12
LT4363CDE-2#PBF,12
LT4363HDE-1#PBF,12
LT6003CDC#TRPBF,4
LT6003HDC#TRMPBF,4
LT6003HDC#TRPBF,4
LT6003IDC#TRMPBF,4
LT6003IDC#TRPBF,4
LT6004CDD#PBF,8
LT6011IDD#PBF,8
LT6100CDD#TRPBF,8
LT6100HDD#PBF,8
LT6100HDD#TRPBF,8
LT6105IDCB#TRMPBF,6
LT6203CDD#PBF,8
LT6221CDD#PBF,8
LT6221IDD#TRPBF,8
LT6231CDD#TRPBF,8
LT6231IDD#TRPBF,8
LT6234CDD#TRPBF,8
LT6234IDD#PBF,8
LT6237HDD#PBF,8
LT6552CDD#TRPBF,8
LT6552IDD#PBF,8
LT6552IDD#TRPBF,8
LT6700HDCB-1#TRMPBF,6
LT6700HDCB-1#TRPBF,6
LT6700IDCB-1#TRMPBF,6
LT6700IDCB-2#TRMPBF,6
LT6700IDCB-3#TRMPBF,6
LT6703CDC-2#TRMPBF,3
LT6703CDC-3#TRPBF,3
LT6703HDC-2#TRMPBF,3
LT6703HDC-2#TRPBF,3
LT6703HDC-3#TRPBF,3
LT6703IDC-2#TRPBF,3
LT6703IDC-3#TRPBF,3
LT8330IDDB#WTRMPBF,8
LT8330IDDB#WTRPBF,8
LT8362EDD#TRPBF,10
LT8364EDE#PBF,12
LT8364HDE#PBF,12
LT8364IDE#PBF,12
LT8364IDE#TRPBF,12
LT8606EDC#TRPBF,8
LT8607EDC#TRMPBF,8
LT8607EDC#TRPBF,8
LT8608BEDC#TRPBF,8
LTC1440CDD#TRPBF,8
LTC1440IDD#TRPBF,8
LTC1444IDHD#PBF,16
LTC1540CDD#TRPBF,8
LTC1540IDD#PBF,8
LTC2051CDD#TRPBF,8
LTC2051HVCDD#TRPBF,8
LTC2051IDD#PBF,8
LTC2053CDD#TRPBF,8
LTC2057HVHDD#TRPBF,8
LTC2850IDD#TRPBF,8
LTC2850MPDD#TRPBF,8
LTC2851HDD#TRPBF,8
LTC2851MPDD#PBF,8
LTC2852HDD#PBF,10
LTC2852IDD#TRPBF,10
LTC2852MPDD#PBF,10
LTC2856CDD-1#TRPBF,8
LTC2856HDD-2#PBF,8
LTC2856HDD-2#TRPBF,8
LTC2856IDD-1#PBF,8
LTC2856IDD-1#TRPBF,8
LTC2857IDD-1#TRPBF,8
LTC2859CDD#TRPBF,10
LTC2859HDD#PBF,10
LTC2859IDD#PBF,10
LTC2859IDD#TRPBF,10
LTC2861CDE#PBF,12
LTC2900-1CDD#TRPBF,10
LTC2900-1IDD#PBF,10
LTC2900-1IDD#TRPBF,10
LTC2904IDDB#TRMPBF,8
LTC2905IDDB#TRMPBF,8
LTC2905IDDB#TRPBF,8
LTC2907CDDB#TRPBF,8
LTC2909CDDB-3^3#TRPBF,8
LTC2909IDDB-2^5#TRMPBF,8
LTC2909IDDB-5#TRPBF,8
LTC2911IDDB-3#TRMPBF,8
LTC2911IDDB-3#TRPBF,8
LTC2914CDHC-2#PBF,16
LTC2914IDHC-2#PBF,16
LTC2915IDDB-1#TRMPBF,8
LTC2915IDDB-1#TRPBF,8
LTC2916HDDB-1#TRMPBF,8
LTC2916IDDB-1#TRMPBF,8
LTC2916IDDB-1#TRPBF,8
LTC2917CDDB-A1#TRPBF,10
LTC2919CDDB-2^5#TRPBF,10
LTC2919CDDB-3^3#TRMPBF,10
LTC2941CDCB#TRMPBF,6
LTC2941IDCB#TRMPBF,6
LTC2941IDCB-1#TRMPBF,6
LTC2942CDCB#TRMPBF,6
LTC2942IDCB-1#TRMPBF,6
LTC2943CDD#TRPBF,8
LTC2943IDD#PBF,8
LTC2943IDD#TRPBF,8
LTC2944CDD#PBF,8
LTC2944IDD#TRPBF,8
LTC2950CDDB-1#TRPBF,8
LTC2950IDDB-1#TRMPBF,8
LTC2950IDDB-1#TRPBF,8
LTC2951CDDB-2#TRMPBF,8
LTC2953CDD-1#PBF,12
LTC2954CDDB-1#TRPBF,8
LTC2954CDDB-2#TRPBF,8
LTC2954IDDB-1#TRPBF,8
LTC2954IDDB-2#TRPBF,8
LTC2955CDDB-1#TRMPBF,10
LTC2955CDDB-1#TRPBF,10
LTC2955IDDB-2#TRMPBF,10
LTC3026EDD-1#TRPBF,10
LTC3026IDD#TRPBF,10
LTC3103IDD#PBF,10
LTC3202EDD#PBF,10
LTC3215EDD#TRPBF,10
LTC3255EDD#TRPBF,10
LTC3409AEDD#TRPBF,8
LTC3409EDD#TRPBF,8
LTC3417AEDHC-1#PBF,16
LTC3441EDE#PBF,12
LTC3441EDE#TRPBF,12
LTC3458EDE#PBF,12
LTC3526BEDC-2#TRPBF,6
LTC3526EDC-2#TRMPBF,6
LTC3526EDC-2#TRPBF,6
LTC3526LBEDC#TRMPBF,6
LTC3526LBEDC#TRPBF,6
LTC3526LEDC#TRPBF,6
LTC3531EDD#TRPBF,8
LTC3531EDD-3^3#TRPBF,8
LTC3539EDCB#TRMPBF,8
LTC3539EDCB#TRPBF,8
LTC3539EDCB-2#TRMPBF,8
LTC3542IDC#TRMPBF,6
LTC3563EDC#TRMPBF,6
LTC3568EDD#PBF,10
LTC3568EDD#TRPBF,10
LTC3805EDD#TRPBF,10
LTC3854EDDB#TRMPBF,12
LTC4151IDD-1#TRPBF,10
LTC4213CDDB#TRMPBF,8
LTC4213IDDB#TRMPBF,8
LTC4213IDDB#TRPBF,8
LTC4217IDHC-12#PBF,16
LTC4218CDHC-12#PBF,16
LTC4218IDHC-12#PBF,16
LTC4303CDD#PBF,8
LTC4359IDCBD#TRMPBF-ES,6
LTC4365CDDB#TRMPBF,8
LTC4365IDDB-1#TRMPBF,8
LTC4367HDD#PBF,8
LTC4367HDD-1#TRPBF,8
LTC4367IDD#TRPBF,8
LTC4367IDD-1#TRPBF,8
LTC4380CDD-1#PBF,10
LTC4380CDD-2#PBF,10
LTC4380CDD-2#TRPBF,10
LTC4380HDD-2#PBF,10
LTC4380HDD-4#PBF,10
LTC4380HDD-4#TRPBF,10
LTC4380IDD-2#PBF,10
LTC4380IDD-2#TRPBF,10
LTC4380IDD-4#TRPBF,10
LTC4425IDD#TRPBF,12
LTC6078CDD#TRPBF,10
LTC6078IDD#PBF,10
LTC6079IDHC#PBF,16
LTC6087CDD#TRPBF,10
LTC6087HDD#TRPBF,10
LTC6102CDD#PBF,8
LTC6102CDD#TRPBF,8
LTC6102HDD#PBF,8
LTC6102HDD-1#PBF,8
LTC6102HVHDD#PBF,8
LTC6102HVHDD#TRPBF,8
LTC6102HVIDD#PBF,8
LTC6102HVIDD#TRPBF,8
LTC6102IDD#TRPBF,8
LTC6102IDD-1#TRPBF,8
LTC6241HVCDD#PBF,8
LTC6241HVCDD#TRPBF,8
LTC6244CDD#TRPBF,8
LTC6244HVCDD#PBF,8
LTC6244HVCDD#TRPBF,8
LTC6269HDD-10#PBF,10
LTC6269HDD-10#TRPBF,10
LTC6800HDD#TRPBF,8
AD53521JBC,192
AD53559-05BBC-RL7,84
AD53568BBCZ,92
AD80052AKBCRL-45,52
AD80053KBCRL-45,52
AD80441BBCZ-RLKL1,196
AD80446XBCZ,289
AD80457BBCZ,289
AD80488BBCZ,289
AD80522BBCZ-REEL,289
AD9652BBCZ-310,144
AD9652BBCZRL7-310,144
ADRV9004BBCZ-RL,196
ADRV9015BBCZ-A-RL,289
ADRV9029BBCZ,289
ADUC7121BBCZ-RL,108
5962R1422701VXC,48
AD6645AQSS-A0802,52
5962R0922001VHA,10
5962R9468002VHA,10
AD8138RAQCEU-T0GD,10
QEOP27RL-MIC6A,10
5962-8982401PA,8
5962-9457201MEA,16
5962-9683901MPA,8
5962-9756401QXA,28
AD586JQ,8
AD586KQ,8
AD586SQ,8
AD587UQ,8
AD588JQ,16
AD594AQ,14
AD600SQ/883B,16
AD603SQ/883B,8
AD669SQ/883B,28
AD684SQ/883B,16
AD693AQ,20
AD694AQ,16
AD694BQ,16
AD746SQ/883B,8
AD790SQ,8
AD829AQ,8
AD829SQ,8
AD844SQ/883B,8
AD848AQ,8
ADG509ATQ/883B,16
AMP01BX,18
AMP01FX,18
JM38510/13503BPA,8
OP200AZ,8
OP27EZ,8
OP297EZ,8
OP484RXQKU-T0000S5,14
OP77FZ,8
REF02AZ/883C,8
ZOP484RY-MIC3A,14
5962-8770202RX,20
5962-8777101MCA,14
5962-8866302LX,24
5962-9078501MLA,24
5962-9475501MPA,8
ADXRS623BBGZ,32
ADXRS624BBGZ,32
AD22424BZ-RL,32
AD9625BBPZRL-2^5,196
AD9689BBPZ-2600,196
AD9699BBPZ-3000,196
AD8177ABPZ,676
