14AT128,RN
19AT128,RN
35at128,RN
10g6,RN
19g6,RN
06HSI,RN
07HSI,RN
08HSI ,RN
01AT468,RN
02AT468,RN
57AT28 ,RN
12AT128,RN
03g6l ,RM
04G6L,RM
05G6L,RM
06G6,RM
07G6,RM
12g6,RM
13g6,RM
14g6,RM
21G6,RM
31AT128  ,RM
29AT128    ,RU
64AT28,RU
06AT28,RU
02G6,RU
52AT28,RU
54AT28,RW
59AT28,RW
68AT28,RW
08G6L,RW
09G6L,RW
11G6,RW
15G6,RW
02microv,RW
66AT28,RW
49AT28,RS
65AT28,RS
01G6L ,PDIP
01STI,RN
45AT28,RN
48AT28,RN
58AT28,RN
51AT28 ,RN
36AT128,RN
09HSI ,RN
17AT28,RN
35AT28,RN
36AT28,RN
42AT28,RN
24AT128,RM
25AT128,RM
33at128,RM
STI 08,RM
31STI,RM
04STI,RU
27AT28,RU
29AT28,RU
44AT28,RU
24AT28,RU
16STI,RU
34AT28,RU
50AT28,RU
19AT28,RW
56AT28,RW
61AT28,RW
15AT128,RW
39AT28,RW
21AT128,RS
04AT8005,PLCC
01MV883,PLCC
01AT268,LFCSP
02AT268,LFCSP
04AT268,LFCSP
05AT268,LFCSP
01G7,LFCSP
02G7,LFCSP
03G7,LFCSP
01HSI,SOT
02HSI,SOT
03HSI,SC70
04HSI,LFCSP
05HSI,SOT
10HSI,LFCSP
11HSI,LFCSP
13HSI,LFCSP
21HSI,TSOT
01V12,LFCSP
02V12,SOT
06VITROX,LFCSP
HEXA06,QFP
HEXA07,LFCSP
HEXA08,QFP
HEXA13,LFCSP
HEXA16,LFCSP
HEXA17,QFP
HEXA21,LFCSP
HEXA22,LFCSP
HEXA23,QFP
HEXA24,LFCSP
HEXA25,LFCSP
HEXA26,QFP
01LEDCON,x
04ST60,x
14HSI,RN
03SOLAS,RN
04SOLAS,RW
05SOLAS,RW
07ISMECA,TSOT
12HSI,RN
06ISMECA,RN
22G6L,RM
70AT28,LCC
01MV853A,LFCSP
01TRS,LFCSP_SS
04VITROX,LFCSP_SS
02MV853A,SOIC_CAV
04MV853A,SOIC_RN
05MV853A,SOIC_RN
10AT128,SOIC_RW
09AT128,RN
11AT128,LFCSP
08MICROV,SOIC_CAV
01MV996,LCC
01BLUEM,TRAY
02BLUEM,TRAY
03BLUEM,TRAY
04BLUEM,TRAY
05BLUEM,TRAY
TBOVEN1,STANDARD
TBOVEN2,STANDARD
TBOVEN3,STANDARD
TBOVEN4,STANDARD
EP020P,TRAY
06EGOVEN,x
67AT28,RM
30AT128,RN/ QSOP
23G6,RN/ QSOP
17G6,RN/ QSOP
27g6,RN
29g6l,RN
18G6L,MSOP
20g6,MSOP
24g6,MSOP
25g6,MSOP
26g6,MSOP
28g6l,MSOP
37AT128,TSSOP
20AT128,TSSOP
30g6l,TSSOP
16G6L,RW
31g6l,SSOP
06MICROV,SSOP
09ST60,QFN / DFN
08ST60,QFN / DFN
10ST60,QFN / DFN
02ST60,QFN / DFN
01ST60,QFN / DFN
06ST60,QFN / DFN
16HSI,QFN / DFN 
18HSI,QFN / DFN
20hsi ,QFN / DFN
19HSI,QFN / DFN
22HSI,QFN / DFN
23HSI,QFN / DFN
24HSI,QFN / DFN
03vitrox,LGA/ LQFP
05vitrox,LGA/ LQFP
15hsi,TSOT
01 Penta Master,TSOT
17hsi,TSOT
